time,pm10,pm2_5,carbon_monoxide,nitrogen_dioxide,sulphur_dioxide,ozone,us_aqi,temperature_2m,relative_humidity_2m,precipitation,surface_pressure,wind_speed_10m,wind_direction_10m,hour,day,day_of_week,month,is_weekend,aqi_lag_1,aqi_lag_3,aqi_lag_6,aqi_lag_12,aqi_lag_24,aqi_rolling_mean_6,aqi_rolling_mean_24,aqi_rolling_std_24,aqi_change,aqi_change_rate
2026-09-06 00:00:00,89.6,75.7,1229.0,95.9,11.8,5.0,143,25.3,71,0.1,948.7,16.2,359,0,6,6,9,1,144.0,144.0,177.0,138.0,129.0,148.16666666666666,144.25,11.341535821157926,-1.0,-0.0069444444444444
2026-09-06 01:00:00,72.4,61.2,1020.0,86.5,9.6,9.0,142,21.1,90,0.1,949.7,19.8,163,1,6,6,9,1,143.0,144.0,169.0,139.0,132.0,143.66666666666666,144.66666666666666,11.051919631278158,-1.0,-0.0069930069930069
2026-09-06 02:00:00,57.6,47.8,848.0,75.6,8.0,15.0,141,20.1,95,0.4,949.2,11.6,352,2,6,6,9,1,142.0,144.0,145.0,139.0,134.0,143.0,144.95833333333334,10.848679208996357,-1.0,-0.0070422535211267
2026-09-06 03:00:00,49.6,40.2,705.0,61.1,7.5,24.0,140,20.8,96,0.9,950.5,2.9,4,3,6,6,9,1,141.0,143.0,144.0,140.0,136.0,142.33333333333334,145.125,10.73520215074644,-1.0,-0.0070921985815602
2026-09-06 04:00:00,48.8,38.1,599.0,45.2,7.7,36.0,138,20.6,93,1.7,948.7,13.5,48,4,6,6,9,1,140.0,142.0,144.0,151.0,139.0,141.33333333333334,145.08333333333334,10.761916213189442,-2.0,-0.0142857142857142
2026-09-06 05:00:00,34.5,26.0,555.0,15.6,7.1,84.0,137,21.4,98,0.4,948.7,5.2,254,5,6,6,9,1,138.0,141.0,144.0,169.0,142.0,140.16666666666666,144.875,10.872032328710276,-1.0,-0.0072463768115942
2026-09-06 06:00:00,36.4,28.3,619.0,18.4,6.6,78.0,136,21.3,97,0.0,949.6,5.3,352,6,6,6,9,1,137.0,140.0,143.0,177.0,141.0,139.0,144.66666666666666,10.996705699066592,-1.0,-0.0072992700729926
2026-09-06 07:00:00,32.6,26.1,745.0,22.0,6.0,70.0,135,22.4,90,0.0,950.2,6.0,63,7,6,6,9,1,136.0,138.0,142.0,169.0,141.0,137.83333333333334,144.41666666666666,11.150810719859996,-1.0,-0.0073529411764705
2026-09-06 08:00:00,33.5,26.0,820.0,22.9,6.8,76.0,134,23.6,86,0.0,951.1,5.7,134,8,6,6,9,1,135.0,137.0,141.0,145.0,140.0,136.66666666666666,144.16666666666666,11.320111639742407,-1.0,-0.0074074074074074
2026-09-06 09:00:00,37.1,25.0,784.0,18.6,10.5,106.0,133,24.9,81,0.0,951.7,4.9,84,9,6,6,9,1,134.0,136.0,140.0,144.0,139.0,135.5,143.91666666666666,11.503937574158885,-1.0,-0.0074626865671642
2026-09-06 10:00:00,42.4,27.5,697.0,11.6,15.6,150.0,132,26.6,75,0.0,951.8,4.4,83,10,6,6,9,1,133.0,135.0,138.0,144.0,138.0,134.5,143.66666666666666,11.701604002523917,-1.0,-0.0075187969924812
2026-09-06 11:00:00,46.7,31.0,629.0,6.3,19.0,183.0,131,28.1,68,0.0,952.3,3.3,144,11,6,6,9,1,132.0,134.0,137.0,144.0,138.0,133.5,143.375,11.9339213279152,-1.0,-0.0075757575757575
2026-09-06 12:00:00,48.8,33.4,608.0,4.0,19.0,198.0,130,29.4,61,0.0,951.9,4.7,203,12,6,6,9,1,131.0,133.0,136.0,143.0,138.0,132.5,143.04166666666666,12.19935553061384,-1.0,-0.0076335877862595
2026-09-06 13:00:00,48.2,33.8,605.0,3.2,17.2,203.0,128,30.0,59,0.0,951.0,5.8,231,13,6,6,9,1,130.0,132.0,135.0,142.0,139.0,131.33333333333334,142.58333333333334,12.559135482109058,-2.0,-0.0153846153846153
2026-09-06 14:00:00,47.3,33.4,607.0,4.3,15.5,201.0,127,30.6,56,0.0,950.2,6.4,248,14,6,6,9,1,128.0,131.0,134.0,141.0,139.0,130.16666666666666,142.08333333333334,12.941059249255964,-1.0,-0.0078125
2026-09-06 15:00:00,46.4,32.9,592.0,5.8,14.3,193.0,126,30.6,56,0.0,949.2,7.0,260,15,6,6,9,1,127.0,130.0,133.0,140.0,140.0,129.0,141.5,13.3481801397598,-1.0,-0.0078740157480314
2026-09-06 16:00:00,46.7,33.1,582.0,9.1,13.2,177.0,145,30.2,58,0.0,948.7,6.5,272,16,6,6,9,1,126.0,128.0,132.0,138.0,151.0,131.16666666666666,141.25,13.21807063471623,19.0,0.1507936507936507
2026-09-06 17:00:00,44.4,32.7,623.0,10.7,15.2,190.0,162,29.9,57,0.0,948.7,7.2,269,17,6,6,9,1,145.0,127.0,131.0,137.0,169.0,136.33333333333334,140.95833333333334,12.64388206300534,17.0,0.1172413793103448
2026-09-06 18:00:00,49.9,39.9,771.0,32.8,15.3,151.0,176,28.3,66,0.0,948.5,5.6,291,18,6,6,9,1,162.0,126.0,130.0,136.0,177.0,144.0,140.91666666666666,12.520996858031726,14.0,0.0864197530864196
2026-09-06 19:00:00,58.7,48.4,970.0,63.3,15.3,97.0,176,26.9,70,0.0,948.3,5.8,309,19,6,6,9,1,176.0,145.0,128.0,135.0,169.0,152.0,141.20833333333334,13.26315316521896,0.0,0.0
2026-09-06 20:00:00,63.3,52.9,1101.0,85.9,15.4,55.0,162,26.0,75,0.0,948.6,5.6,312,20,6,6,9,1,176.0,162.0,127.0,134.0,145.0,157.83333333333334,141.91666666666666,13.912511312286238,-14.0,-0.0795454545454545
2026-09-06 21:00:00,65.9,55.1,1112.0,94.2,15.7,39.0,136,25.3,79,0.0,948.9,5.3,322,21,6,6,9,1,162.0,176.0,126.0,133.0,144.0,159.5,141.58333333333334,13.95619440674428,-26.0,-0.1604938271604938
2026-09-06 22:00:00,72.2,61.5,1055.0,94.6,16.1,36.0,117,24.8,80,0.0,949.3,5.2,329,22,6,6,9,1,136.0,176.0,145.0,132.0,144.0,154.83333333333334,140.45833333333334,14.8147375702495,-19.0,-0.1397058823529411
2026-09-06 23:00:00,78.7,68.2,970.0,90.5,15.6,34.0,115,25.3,78,0.0,949.0,4.7,332,23,6,6,9,1,117.0,162.0,162.0,131.0,144.0,147.0,139.25,15.671214264432058,-2.0,-0.0170940170940171
2026-09-07 00:00:00,80.1,70.3,849.0,81.0,13.6,31.0,113,24.5,82,0.0,949.1,2.9,11,0,7,0,9,0,115.0,136.0,176.0,130.0,143.0,136.5,138.0,16.531919060595673,-2.0,-0.017391304347826
2026-09-07 01:00:00,74.3,65.7,700.0,66.9,10.8,30.0,113,23.8,84,0.0,949.2,6.0,41,1,7,0,9,0,113.0,117.0,176.0,128.0,142.0,126.0,136.79166666666666,17.27017828428572,0.0,0.0
2026-09-07 02:00:00,68.5,60.5,584.0,54.0,8.6,30.0,113,23.4,83,0.0,949.1,7.3,38,2,7,0,9,0,113.0,115.0,162.0,127.0,141.0,117.83333333333331,135.625,17.9075221017897,0.0,0.0
2026-09-07 03:00:00,63.8,55.9,507.0,43.6,7.5,31.0,114,23.0,85,0.0,949.2,6.1,40,3,7,0,9,0,113.0,113.0,136.0,126.0,140.0,114.16666666666669,134.54166666666666,18.410722694802807,1.0,0.0088495575221239
2026-09-07 04:00:00,59.4,51.5,463.0,34.4,7.0,33.0,116,22.8,86,0.0,949.0,6.0,44,4,7,0,9,0,114.0,113.0,117.0,145.0,138.0,114.0,133.625,18.77512808964584,2.0,0.0175438596491228
2026-09-07 05:00:00,72.4,61.9,491.0,32.3,9.0,41.0,117,23.5,84,0.0,949.2,5.0,44,5,7,0,9,0,116.0,113.0,115.0,162.0,137.0,114.33333333333331,132.79166666666666,19.06049674672419,1.0,0.0086206896551723
2026-09-07 06:00:00,69.2,59.4,666.0,32.3,9.8,55.0,121,23.2,85,0.0,949.2,5.1,42,6,7,0,9,0,117.0,114.0,113.0,176.0,136.0,115.66666666666669,132.16666666666666,19.1961650759517,4.0,0.0341880341880342
2026-09-07 07:00:00,64.5,56.1,913.0,31.9,11.0,75.0,124,24.4,81,0.0,949.5,5.1,39,7,7,0,9,0,121.0,116.0,113.0,176.0,135.0,117.5,131.70833333333334,19.256798159671252,3.0,0.0247933884297519
2026-09-07 08:00:00,55.9,44.6,1045.0,29.4,12.8,100.0,128,26.0,76,0.0,949.9,2.8,79,8,7,0,9,0,124.0,117.0,113.0,162.0,134.0,120.0,131.45833333333334,19.26469888652312,4.0,0.032258064516129
2026-09-07 09:00:00,53.2,39.6,949.0,22.7,16.1,132.0,129,27.6,72,0.0,950.2,2.8,135,9,7,0,9,0,128.0,121.0,114.0,136.0,133.0,122.5,131.29166666666666,19.268083920592986,1.0,0.0078125
2026-09-07 10:00:00,51.7,38.1,738.0,13.9,20.1,168.0,131,29.1,67,0.0,950.5,3.3,193,10,7,0,9,0,129.0,124.0,116.0,117.0,132.0,125.0,131.25,19.26756680109821,2.0,0.0155038759689922
2026-09-07 11:00:00,49.5,36.4,564.0,7.3,22.2,195.0,132,30.1,60,0.0,950.5,6.2,244,11,7,0,9,0,131.0,128.0,117.0,115.0,131.0,127.5,131.29166666666666,19.268083920592986,1.0,0.0076335877862594
2026-09-07 12:00:00,47.5,34.8,475.0,4.4,20.9,207.0,133,30.8,57,0.0,950.1,6.4,238,12,7,0,9,0,132.0,129.0,121.0,113.0,130.0,129.5,131.41666666666666,19.269071110182622,1.0,0.0075757575757575
2026-09-07 13:00:00,46.6,34.5,423.0,3.7,17.7,209.0,133,31.2,55,0.0,949.4,5.7,235,13,7,0,9,0,133.0,131.0,124.0,113.0,128.0,131.0,131.625,19.25755074949991,0.0,0.0
2026-09-07 14:00:00,46.0,34.2,420.0,5.6,15.2,204.0,133,31.5,54,0.0,948.5,5.2,226,14,7,0,9,0,133.0,132.0,128.0,113.0,127.0,131.83333333333334,131.875,19.233830023978676,0.0,0.0
2026-09-07 15:00:00,45.8,34.0,433.0,7.9,14.1,195.0,141,31.4,53,0.0,948.0,4.5,230,15,7,0,9,0,133.0,133.0,129.0,114.0,126.0,133.83333333333334,132.5,19.27828244198748,8.0,0.0601503759398496
2026-09-07 16:00:00,44.8,33.4,495.0,12.7,13.7,180.0,162,31.1,55,0.0,947.4,2.2,215,16,7,0,9,0,141.0,133.0,131.0,116.0,145.0,139.0,133.20833333333334,20.054229016575892,21.0,0.148936170212766
2026-09-07 17:00:00,36.7,27.3,721.0,17.1,14.2,170.0,175,31.3,56,0.0,947.5,4.8,146,17,7,0,9,0,162.0,133.0,132.0,117.0,162.0,146.16666666666666,133.75,21.01810813477789,13.0,0.0802469135802468
2026-09-07 18:00:00,43.0,35.0,1337.0,49.4,14.9,124.0,181,29.3,73,0.0,947.7,2.7,98,18,7,0,9,0,175.0,141.0,133.0,121.0,176.0,154.16666666666666,133.95833333333334,21.47491796140964,6.0,0.0342857142857142
2026-09-07 19:00:00,52.5,44.5,2117.0,93.6,15.8,61.0,174,27.6,77,0.0,947.6,2.9,43,19,7,0,9,0,181.0,162.0,133.0,124.0,176.0,161.0,133.875,21.307913410586277,-7.0,-0.0386740331491712
2026-09-07 20:00:00,59.8,51.7,2500.0,124.3,16.5,15.0,153,26.9,77,0.0,948.2,3.6,20,20,7,0,9,0,174.0,175.0,133.0,128.0,162.0,164.33333333333334,133.5,20.866032309661204,-21.0,-0.1206896551724138
2026-09-07 21:00:00,63.6,55.2,2104.0,129.2,17.2,5.0,131,26.1,80,0.0,948.6,3.3,22,21,7,0,9,0,153.0,181.0,141.0,129.0,136.0,162.66666666666666,133.29166666666666,20.864947028275743,-22.0,-0.1437908496732026
2026-09-07 22:00:00,66.6,58.0,1310.0,120.7,17.7,13.0,131,25.6,80,0.0,949.1,3.6,30,22,7,0,9,0,131.0,174.0,162.0,131.0,117.0,157.5,133.875,20.58347268626181,0.0,0.0
2026-09-07 23:00:00,72.9,64.0,708.0,110.3,17.3,19.0,131,26.1,77,0.0,949.1,3.3,41,23,7,0,9,0,131.0,153.0,175.0,132.0,115.0,150.16666666666666,134.54166666666666,20.20111741779487,0.0,0.0
2026-09-08 00:00:00,79.9,71.0,555.0,101.6,15.1,16.0,131,25.3,79,0.0,949.0,5.7,46,0,8,1,9,0,131.0,131.0,181.0,133.0,113.0,141.83333333333334,135.29166666666666,19.69435842121259,0.0,0.0
2026-09-08 01:00:00,80.3,72.2,594.0,91.2,12.0,12.0,131,25.0,80,0.0,948.8,5.1,39,1,8,1,9,0,131.0,131.0,174.0,133.0,113.0,134.66666666666666,136.04166666666666,19.143574621145373,0.0,0.0
2026-09-08 02:00:00,75.0,68.2,633.0,80.0,9.5,10.0,131,24.9,80,0.0,948.7,5.2,41,2,8,1,9,0,131.0,131.0,153.0,133.0,113.0,131.0,136.79166666666666,18.5448438085646,0.0,0.0
2026-09-08 03:00:00,68.5,62.4,581.0,66.4,8.1,13.0,132,24.7,79,0.0,948.5,5.1,42,3,8,1,9,0,131.0,131.0,131.0,141.0,114.0,131.16666666666666,137.54166666666666,17.93703762722759,1.0,0.0076335877862594
2026-09-08 04:00:00,62.4,56.7,531.0,52.0,7.4,18.0,133,24.5,80,0.0,948.4,5.3,52,4,8,1,9,0,132.0,131.0,131.0,162.0,116.0,131.5,138.25,17.376270676088534,1.0,0.0075757575757575
2026-09-08 05:00:00,79.2,71.7,570.0,60.0,8.5,9.0,133,24.7,80,0.0,948.3,3.3,36,5,8,1,9,0,133.0,131.0,131.0,175.0,117.0,131.83333333333334,138.91666666666666,16.823680687770334,0.0,0.0
2026-09-08 06:00:00,78.2,70.8,809.0,55.8,10.9,27.0,134,24.1,83,0.0,948.7,2.8,35,6,8,1,9,0,133.0,132.0,131.0,181.0,121.0,132.33333333333334,139.45833333333334,16.426328724408183,1.0,0.0075187969924812
2026-09-08 07:00:00,78.7,73.1,1137.0,49.6,14.2,52.0,136,25.1,79,0.0,949.2,3.6,49,7,8,1,9,0,134.0,133.0,131.0,174.0,124.0,133.16666666666666,139.95833333333334,16.11501909957629,2.0,0.0149253731343284
2026-09-08 08:00:00,55.3,46.9,1315.0,41.7,16.4,81.0,137,26.5,74,0.0,949.7,2.8,105,8,8,1,9,0,136.0,133.0,131.0,153.0,128.0,134.16666666666666,140.33333333333334,15.928281292328268,1.0,0.0073529411764705
2026-09-08 09:00:00,47.8,36.7,1197.0,30.3,16.5,116.0,138,28.2,70,0.0,950.1,3.1,140,9,8,1,9,0,137.0,134.0,132.0,131.0,129.0,135.16666666666666,140.70833333333334,15.754858923841349,1.0,0.0072992700729928
2026-09-08 10:00:00,44.6,31.0,927.0,17.2,15.6,155.0,137,29.6,67,0.0,950.5,3.5,201,10,8,1,9,0,138.0,136.0,133.0,131.0,131.0,135.83333333333334,140.95833333333334,15.641303088900202,-1.0,-0.0072463768115942
2026-09-08 11:00:00,45.1,28.6,700.0,7.6,14.4,184.0,137,30.9,59,0.0,950.5,6.1,240,11,8,1,9,0,137.0,137.0,133.0,131.0,132.0,136.5,141.16666666666666,15.54982641219103,0.0,0.0
2026-09-08 12:00:00,44.7,26.7,565.0,3.5,13.0,197.0,136,31.8,52,0.0,950.0,6.4,262,12,8,1,9,0,137.0,138.0,134.0,131.0,133.0,136.83333333333334,141.29166666666666,15.493278112351335,-1.0,-0.0072992700729926
2026-09-08 13:00:00,44.9,25.9,473.0,3.1,11.4,199.0,135,32.2,49,0.0,949.6,6.9,275,13,8,1,9,0,136.0,137.0,136.0,131.0,133.0,136.66666666666666,141.375,15.452064727660977,-1.0,-0.0073529411764705
2026-09-08 14:00:00,44.1,25.4,465.0,5.5,10.3,195.0,134,32.3,49,0.0,948.6,6.9,276,14,8,1,9,0,135.0,137.0,137.0,131.0,133.0,136.16666666666666,141.41666666666666,15.429831824907422,-1.0,-0.0074074074074074
2026-09-08 15:00:00,44.1,25.4,574.0,8.7,9.8,186.0,133,32.1,50,0.0,947.9,7.3,280,15,8,1,9,0,134.0,136.0,138.0,132.0,141.0,135.33333333333334,141.08333333333334,15.525341602813652,-1.0,-0.0074626865671642
2026-09-08 16:00:00,44.6,25.5,768.0,14.8,9.8,169.0,146,31.7,52,0.0,947.8,7.2,289,16,8,1,9,0,133.0,135.0,137.0,133.0,162.0,136.83333333333334,140.41666666666666,14.919834090074891,13.0,0.0977443609022556
2026-09-08 17:00:00,65.2,39.3,989.0,27.6,10.6,143.0,161,32.0,54,0.0,947.3,4.6,283,17,8,1,9,0,146.0,134.0,137.0,133.0,175.0,140.83333333333334,139.83333333333334,13.735598518690962,15.0,0.1027397260273972
2026-09-08 18:00:00,76.8,49.6,1277.0,58.2,12.2,104.0,165,30.2,66,0.0,947.3,3.1,347,18,8,1,9,0,161.0,133.0,136.0,134.0,181.0,145.66666666666666,139.16666666666666,11.918807449342053,4.0,0.0248447204968944
2026-09-08 19:00:00,91.3,61.9,1592.0,100.0,14.5,50.0,157,28.3,76,0.0,947.1,3.6,9,19,8,1,9,0,165.0,146.0,135.0,136.0,174.0,149.33333333333334,138.45833333333334,10.12950561764838,-8.0,-0.0484848484848484
2026-09-08 20:00:00,102.2,71.0,1761.0,129.1,16.1,11.0,136,27.4,80,0.0,947.4,4.5,5,20,8,1,9,0,157.0,161.0,134.0,137.0,153.0,149.66666666666666,137.75,9.651537385983785,-21.0,-0.1337579617834394
2026-09-08 21:00:00,105.9,74.5,1685.0,134.0,16.9,1.0,138,26.8,81,0.0,947.9,4.0,360,21,8,1,9,0,136.0,165.0,133.0,138.0,131.0,150.5,138.04166666666666,9.543853777564667,2.0,0.0147058823529411
2026-09-08 22:00:00,107.3,77.1,1463.0,126.2,17.0,5.0,140,26.3,81,0.0,947.9,3.5,348,22,8,1,9,0,138.0,157.0,146.0,137.0,131.0,149.5,138.41666666666666,9.431292348470484,2.0,0.0144927536231884
2026-09-08 23:00:00,110.8,83.1,1222.0,115.7,16.2,9.0,142,26.9,78,0.0,947.5,5.4,339,23,8,1,9,0,140.0,136.0,161.0,137.0,131.0,146.33333333333334,138.875,9.321842045992504,2.0,0.0142857142857142
2026-09-09 00:00:00,106.2,83.1,969.0,104.4,13.7,8.0,144,26.4,80,0.0,947.4,3.6,360,0,9,2,9,0,142.0,138.0,165.0,136.0,131.0,142.83333333333334,139.41666666666666,9.221509197742895,2.0,0.0140845070422535
2026-09-09 01:00:00,92.9,75.7,697.0,90.5,10.3,7.0,145,25.9,82,0.0,947.1,2.2,14,1,9,2,9,0,144.0,140.0,157.0,135.0,131.0,140.83333333333334,140.0,9.108047087006588,1.0,0.0069444444444444
2026-09-09 02:00:00,79.2,66.1,509.0,78.2,7.5,6.0,146,25.6,81,0.0,946.7,3.1,3,2,9,2,9,0,145.0,142.0,136.0,134.0,131.0,142.5,140.625,8.977326512071757,1.0,0.0068965517241379
2026-09-09 03:00:00,68.7,57.7,435.0,69.1,5.8,3.0,145,25.5,80,0.0,946.4,2.4,351,3,9,2,9,0,146.0,144.0,138.0,133.0,132.0,143.66666666666666,141.16666666666666,8.825194500463603,-1.0,-0.0068493150684931
2026-09-09 04:00:00,61.2,51.3,445.0,61.7,4.8,1.0,145,25.5,79,0.0,946.6,0.7,346,4,9,2,9,0,145.0,145.0,140.0,146.0,133.0,144.5,141.66666666666666,8.681147322824224,0.0,0.0
2026-09-09 05:00:00,67.1,56.5,555.0,54.9,5.0,5.0,144,25.2,81,0.0,946.9,1.7,49,5,9,2,9,0,145.0,146.0,142.0,161.0,133.0,144.83333333333334,142.125,8.492003911608908,-1.0,-0.0068965517241379
2026-09-09 06:00:00,64.3,52.9,865.0,52.4,7.0,23.0,143,24.3,84,0.0,947.2,3.3,36,6,9,2,9,0,144.0,145.0,144.0,165.0,134.0,144.66666666666666,142.5,8.314471407287838,-1.0,-0.0069444444444444
2026-09-09 07:00:00,63.1,50.6,1275.0,48.6,9.9,49.0,141,25.4,78,0.0,947.9,4.8,34,7,9,2,9,0,143.0,145.0,145.0,157.0,136.0,144.0,142.70833333333334,8.206461752348078,-2.0,-0.0139860139860139
2026-09-09 08:00:00,66.4,47.6,1495.0,42.4,12.8,79.0,139,26.9,73,0.0,948.6,5.1,73,8,9,2,9,0,141.0,144.0,146.0,136.0,137.0,142.83333333333334,142.79166666666666,8.15597495926944,-2.0,-0.0141843971631205
2026-09-09 09:00:00,76.1,48.7,1343.0,31.6,15.8,117.0,139,28.8,65,0.0,949.3,5.8,92,9,9,2,9,0,139.0,143.0,145.0,138.0,138.0,141.83333333333334,142.83333333333334,8.132953186649369,0.0,0.0
2026-09-09 10:00:00,78.9,49.6,1001.0,18.5,18.8,160.0,140,30.1,64,0.0,949.7,4.8,110,10,9,2,9,0,139.0,141.0,145.0,140.0,137.0,141.0,142.95833333333334,8.062145397212538,1.0,0.0071942446043165
2026-09-09 11:00:00,75.0,46.4,730.0,8.8,20.3,192.0,142,31.2,59,0.0,949.7,4.3,158,11,9,2,9,0,140.0,139.0,144.0,142.0,137.0,140.66666666666666,143.16666666666666,7.96550534255781,2.0,0.0142857142857142
2026-09-09 12:00:00,71.0,44.5,621.0,4.6,19.2,209.0,144,32.0,56,0.0,949.4,4.1,193,12,9,2,9,0,142.0,139.0,143.0,144.0,136.0,140.83333333333334,143.5,7.818595448199554,2.0,0.0140845070422535
2026-09-09 13:00:00,70.1,44.5,582.0,3.8,16.7,215.0,146,32.4,53,0.0,948.8,4.2,190,13,9,2,9,0,144.0,140.0,141.0,145.0,135.0,141.66666666666666,143.95833333333334,7.618508165426132,2.0,0.0138888888888888
2026-09-09 14:00:00,68.9,44.2,597.0,6.2,14.7,213.0,147,32.8,51,0.0,948.0,3.8,197,14,9,2,9,0,146.0,142.0,139.0,146.0,134.0,143.0,144.5,7.336626401590829,1.0,0.0068493150684931
2026-09-09 15:00:00,67.8,43.5,602.0,10.5,14.0,202.0,149,32.9,50,0.0,947.5,3.5,204,15,9,2,9,0,147.0,144.0,139.0,145.0,133.0,144.66666666666666,145.16666666666666,6.96367385962224,2.0,0.0136054421768707
2026-09-09 16:00:00,66.6,42.8,662.0,18.1,13.9,183.0,159,32.6,50,0.0,947.2,3.1,204,16,9,2,9,0,149.0,146.0,140.0,145.0,146.0,147.83333333333334,145.70833333333334,7.51508145500499,10.0,0.0671140939597314
2026-09-09 17:00:00,76.1,50.6,951.0,29.5,13.5,152.0,175,32.2,55,0.0,947.5,6.5,114,17,9,2,9,0,159.0,147.0,142.0,144.0,161.0,153.33333333333334,146.29166666666666,9.124640155699948,16.0,0.10062893081761
2026-09-09 18:00:00,80.3,57.9,1753.0,49.3,13.8,119.0,181,30.3,66,0.0,947.5,7.9,103,18,9,2,9,0,175.0,149.0,144.0,143.0,165.0,159.5,146.95833333333334,10.952383765414943,6.0,0.0342857142857142
2026-09-09 19:00:00,87.3,63.3,2785.0,76.4,14.1,74.0,174,28.8,73,0.0,947.6,7.4,94,19,9,2,9,0,181.0,159.0,146.0,141.0,157.0,164.16666666666666,147.66666666666666,12.117779487601762,-7.0,-0.0386740331491712
2026-09-09 20:00:00,92.4,66.8,3371.0,94.9,14.2,40.0,155,28.1,77,0.0,948.2,6.7,70,20,9,2,9,0,174.0,175.0,147.0,139.0,136.0,165.5,148.45833333333334,11.941812427683155,-19.0,-0.1091954022988506
2026-09-09 21:00:00,96.2,69.4,3122.0,97.7,14.0,29.0,151,27.5,77,0.0,948.4,5.5,46,21,9,2,9,0,155.0,181.0,149.0,139.0,138.0,165.83333333333334,149.0,11.739935560151872,-4.0,-0.0258064516129031
2026-09-09 22:00:00,100.8,73.6,2428.0,92.0,13.7,30.0,151,27.0,77,0.0,948.5,5.8,39,22,9,2,9,0,151.0,174.0,159.0,140.0,140.0,164.5,149.45833333333334,11.587021099964009,0.0,0.0
2026-09-09 23:00:00,102.7,75.9,1784.0,83.5,13.0,33.0,151,27.2,79,0.0,948.3,3.8,49,23,9,2,9,0,151.0,155.0,175.0,142.0,142.0,160.5,149.83333333333334,11.480291871257972,0.0,0.0
2026-09-10 00:00:00,101.3,75.4,1335.0,72.8,11.8,36.0,151,26.2,83,0.0,948.2,4.2,36,0,10,3,9,0,151.0,151.0,181.0,144.0,144.0,155.5,150.125,11.414378803870902,0.0,0.0
2026-09-10 01:00:00,98.5,73.8,936.0,59.4,10.3,41.0,151,25.8,84,0.0,948.1,5.0,30,1,10,3,9,0,151.0,151.0,174.0,146.0,145.0,151.66666666666666,150.375,11.362839893036378,0.0,0.0
2026-09-10 02:00:00,92.2,70.1,644.0,47.4,9.2,47.0,151,25.6,83,0.0,947.8,6.1,34,2,10,3,9,0,151.0,151.0,155.0,147.0,146.0,151.0,150.58333333333334,11.324911619452138,0.0,0.0
2026-09-10 03:00:00,83.6,65.0,487.0,37.2,8.8,54.0,151,25.5,83,0.0,947.7,6.9,45,3,10,3,9,0,151.0,151.0,151.0,149.0,145.0,151.0,150.83333333333334,11.26235231690703,0.0,0.0
2026-09-10 04:00:00,74.0,59.8,437.0,28.4,8.9,63.0,151,25.5,81,0.0,947.9,7.3,62,4,10,3,9,0,151.0,151.0,151.0,159.0,145.0,151.0,151.08333333333334,11.19361878255962,0.0,0.0
2026-09-10 05:00:00,84.8,69.2,470.0,33.2,8.4,49.0,151,24.8,85,0.0,948.1,4.8,68,5,10,3,9,0,151.0,151.0,151.0,175.0,144.0,151.0,151.375,11.091761533365183,0.0,0.0
2026-09-10 06:00:00,82.0,68.7,640.0,37.3,9.1,56.0,152,24.5,87,0.0,948.6,4.5,53,6,10,3,9,0,151.0,151.0,151.0,181.0,143.0,151.16666666666666,151.75,10.947503189629703,1.0,0.0066225165562914
2026-09-10 07:00:00,79.9,67.5,893.0,42.4,10.3,68.0,152,25.5,83,0.0,949.2,5.8,64,7,10,3,9,0,152.0,151.0,151.0,174.0,141.0,151.33333333333334,152.20833333333334,10.70546047855798,0.0,0.0
2026-09-10 08:00:00,81.5,64.3,1041.0,42.5,12.1,87.0,153,27.1,77,0.0,949.9,6.0,74,8,10,3,9,0,152.0,151.0,151.0,155.0,139.0,151.66666666666666,152.79166666666666,10.3292710575193,1.0,0.006578947368421
2026-09-10 09:00:00,83.1,55.5,981.0,32.8,15.4,121.0,153,28.7,72,0.0,950.6,6.5,95,9,10,3,9,0,153.0,152.0,151.0,151.0,139.0,152.0,153.375,9.903062767341655,0.0,0.0
2026-09-10 10:00:00,78.7,51.2,817.0,18.2,19.3,163.0,153,30.1,67,0.0,951.0,6.4,122,10,10,3,9,0,153.0,152.0,151.0,151.0,140.0,152.33333333333334,153.91666666666666,9.486451055225226,0.0,0.0
2026-09-10 11:00:00,73.3,48.1,673.0,7.3,21.6,195.0,153,31.2,60,0.0,951.4,5.9,157,11,10,3,9,0,153.0,153.0,151.0,151.0,142.0,152.66666666666666,154.375,9.145264871244173,0.0,0.0
2026-09-10 12:00:00,72.6,47.8,569.0,4.0,21.0,208.0,153,31.8,57,0.1,951.0,4.8,160,12,10,3,9,0,153.0,153.0,152.0,151.0,144.0,152.83333333333334,154.75,8.882077704446255,0.0,0.0
2026-09-10 13:00:00,69.4,46.7,487.0,4.4,18.8,210.0,153,32.3,55,0.0,950.7,3.3,167,13,10,3,9,0,153.0,153.0,152.0,151.0,146.0,153.0,155.04166666666666,8.695221909644749,0.0,0.0
2026-09-10 14:00:00,65.2,44.7,492.0,6.1,17.1,208.0,154,32.6,53,0.0,949.8,2.3,113,14,10,3,9,0,153.0,153.0,153.0,151.0,147.0,153.16666666666666,155.33333333333334,8.529573447037125,1.0,0.0065359477124182
2026-09-10 15:00:00,63.1,43.9,590.0,5.8,16.6,207.0,154,32.7,52,0.0,949.2,2.7,152,15,10,3,9,0,154.0,153.0,153.0,151.0,149.0,153.33333333333334,155.54166666666666,8.428621872326556,0.0,0.0
2026-09-10 16:00:00,63.1,44.1,775.0,6.7,16.5,203.0,161,32.4,52,0.0,948.8,3.5,145,16,10,3,9,0,154.0,153.0,153.0,151.0,159.0,154.66666666666666,155.625,8.474065294101205,7.0,0.0454545454545454
2026-09-10 17:00:00,64.3,44.2,1103.0,16.5,15.4,173.0,179,32.7,52,0.0,948.7,6.4,170,17,10,3,9,0,161.0,154.0,153.0,151.0,175.0,159.0,155.79166666666666,8.900313461341671,18.0,0.1118012422360248
2026-09-10 18:00:00,71.2,54.9,1773.0,41.1,15.6,134.0,187,30.9,64,0.0,948.4,3.2,93,18,10,3,9,0,179.0,154.0,153.0,152.0,181.0,164.66666666666666,156.04166666666666,9.688537228249842,8.0,0.0446927374301675
2026-09-10 19:00:00,79.2,61.5,2585.0,75.1,15.9,80.0,183,29.3,68,0.0,948.5,4.4,58,19,10,3,9,0,187.0,161.0,153.0,152.0,174.0,169.66666666666666,156.41666666666666,10.549744141412624,-4.0,-0.0213903743315507
2026-09-10 20:00:00,83.4,64.5,2993.0,100.0,16.3,39.0,164,28.0,75,0.0,948.7,3.0,14,20,10,3,9,0,183.0,179.0,154.0,153.0,155.0,171.33333333333334,156.79166666666666,10.65661324235312,-19.0,-0.1038251366120218
2026-09-10 21:00:00,87.5,67.5,2627.0,108.3,17.2,26.0,153,27.1,81,0.0,949.1,2.9,360,21,10,3,9,0,164.0,187.0,154.0,153.0,151.0,171.16666666666666,156.875,10.617100644100107,-11.0,-0.0670731707317072
2026-09-10 22:00:00,92.7,72.2,1856.0,107.5,18.2,26.0,153,26.4,86,0.0,949.1,2.2,5,22,10,3,9,0,153.0,183.0,161.0,153.0,151.0,169.83333333333334,156.95833333333334,10.576755344772932,0.0,0.0
2026-09-10 23:00:00,100.8,79.9,1240.0,102.8,18.3,28.0,153,27.6,77,0.0,949.2,3.3,29,23,10,3,9,0,153.0,164.0,179.0,153.0,151.0,165.5,157.04166666666666,10.53556777804554,0.0,0.0
2026-09-11 00:00:00,106.2,85.7,1021.0,94.5,16.6,26.0,153,26.4,83,0.0,949.2,5.3,38,0,11,4,9,0,153.0,153.0,187.0,153.0,151.0,159.83333333333334,157.125,10.493528026110996,0.0,0.0
2026-09-11 01:00:00,104.8,85.4,958.0,82.2,14.0,25.0,154,26.0,83,0.0,949.3,5.5,54,1,11,4,9,0,153.0,153.0,183.0,153.0,151.0,155.0,157.25,10.435099632865052,1.0,0.0065359477124182
2026-09-11 02:00:00,99.7,81.5,884.0,69.4,11.9,27.0,154,25.9,82,0.0,949.3,6.2,54,2,11,4,9,0,154.0,153.0,164.0,154.0,151.0,153.33333333333334,157.375,10.374770819888582,0.0,0.0
2026-09-11 03:00:00,92.2,75.4,706.0,55.3,10.7,33.0,154,25.7,81,0.0,949.4,7.5,46,3,11,4,9,0,154.0,153.0,153.0,154.0,151.0,153.5,157.5,10.312508234515532,0.0,0.0
2026-09-11 04:00:00,84.8,68.9,519.0,40.6,10.0,42.0,155,25.5,80,0.0,949.6,7.5,46,4,11,4,9,0,154.0,154.0,153.0,161.0,151.0,153.83333333333334,157.66666666666666,10.234921748035,1.0,0.0064935064935065
2026-09-11 05:00:00,88.0,71.5,439.0,40.0,10.4,41.0,155,25.3,80,0.0,949.7,8.2,57,5,11,4,9,0,155.0,154.0,153.0,179.0,151.0,154.16666666666666,157.83333333333334,10.153888382061146,0.0,0.0
2026-09-11 06:00:00,83.4,68.9,573.0,39.0,10.8,54.0,155,25.0,81,0.0,950.4,7.4,51,6,11,4,9,0,155.0,154.0,153.0,187.0,152.0,154.5,157.95833333333334,10.097262507478026,0.0,0.0
2026-09-11 07:00:00,76.1,65.4,814.0,37.2,11.4,73.0,155,26.0,79,0.0,950.8,7.4,56,7,11,4,9,0,155.0,155.0,154.0,183.0,152.0,154.66666666666666,158.08333333333334,10.038693257532795,0.0,0.0
2026-09-11 08:00:00,71.2,54.9,961.0,33.3,13.0,98.0,155,27.8,73,0.0,951.6,6.2,73,8,11,4,9,0,155.0,155.0,154.0,164.0,153.0,154.83333333333334,158.16666666666666,10.002898130766232,0.0,0.0
2026-09-11 09:00:00,70.1,47.8,908.0,25.0,16.6,132.0,155,29.4,67,0.0,952.0,7.1,99,9,11,4,9,0,155.0,155.0,154.0,153.0,153.0,155.0,158.25,9.966247385877772,0.0,0.0
2026-09-11 10:00:00,68.9,46.6,761.0,14.5,21.0,172.0,154,30.7,63,0.0,952.2,6.8,130,10,11,4,9,0,155.0,155.0,155.0,153.0,153.0,154.83333333333334,158.29166666666666,9.945412605018042,-1.0,-0.0064516129032258
2026-09-11 11:00:00,68.5,47.6,640.0,6.8,23.9,203.0,154,31.7,57,0.0,952.4,5.5,163,11,11,4,9,0,154.0,155.0,155.0,153.0,153.0,154.66666666666666,158.33333333333334,9.92435154673504,0.0,0.0
2026-09-11 12:00:00,67.3,48.1,562.0,4.2,23.6,219.0,154,32.5,53,0.0,952.4,5.1,163,12,11,4,9,0,154.0,155.0,155.0,153.0,153.0,154.5,158.375,9.903062767341568,0.0,0.0
2026-09-11 13:00:00,67.3,48.9,509.0,4.5,21.7,226.0,154,33.0,51,0.0,952.0,4.1,157,13,11,4,9,0,154.0,154.0,155.0,154.0,153.0,154.33333333333334,158.41666666666666,9.88154479503208,0.0,0.0
2026-09-11 14:00:00,66.4,48.9,548.0,6.0,20.2,227.0,154,33.2,50,0.0,951.3,4.6,138,14,11,4,9,0,154.0,154.0,155.0,154.0,154.0,154.16666666666666,158.41666666666666,9.88154479503208,0.0,0.0
2026-09-11 15:00:00,70.8,52.6,690.0,4.8,19.9,227.0,154,32.9,51,0.0,950.8,4.2,102,15,11,4,9,0,154.0,154.0,155.0,154.0,154.0,154.0,158.41666666666666,9.88154479503208,0.0,0.0
2026-09-11 16:00:00,65.7,49.4,923.0,4.7,20.1,222.0,177,32.5,52,0.0,950.4,5.2,106,16,11,4,9,0,154.0,154.0,154.0,155.0,161.0,157.83333333333334,159.08333333333334,10.578553639389588,23.0,0.1493506493506493
2026-09-11 17:00:00,75.2,55.9,1281.0,18.1,18.2,188.0,197,32.9,49,0.0,949.9,4.2,72,17,11,4,9,0,177.0,154.0,154.0,155.0,179.0,165.0,159.83333333333334,12.51318145576578,20.0,0.1129943502824859
2026-09-11 18:00:00,79.9,64.0,1936.0,35.3,17.6,152.0,203,30.7,65,0.0,949.9,4.5,40,18,11,4,9,0,197.0,154.0,154.0,155.0,187.0,173.16666666666666,160.5,14.31933930950944,6.0,0.0304568527918782
2026-09-11 19:00:00,83.8,68.7,2716.0,58.4,16.7,102.0,201,29.1,75,0.0,950.1,3.5,28,19,11,4,9,0,203.0,177.0,154.0,155.0,183.0,181.0,161.25,15.929873494953116,-2.0,-0.0098522167487684
2026-09-11 20:00:00,82.7,68.2,3138.0,71.7,15.6,68.0,187,28.4,78,0.0,950.7,5.7,46,20,11,4,9,0,201.0,197.0,154.0,155.0,164.0,186.5,162.20833333333334,16.772076085919597,-14.0,-0.0696517412935323
2026-09-11 21:00:00,80.1,66.6,2917.0,65.6,14.4,65.0,163,28.4,74,0.0,951.4,6.7,70,21,11,4,9,0,187.0,203.0,154.0,155.0,153.0,188.0,162.625,16.65718933439045,-24.0,-0.1283422459893047
2026-09-11 22:00:00,77.5,64.5,2338.0,49.7,13.0,79.0,156,27.6,77,0.0,951.8,5.5,58,22,11,4,9,0,163.0,201.0,177.0,154.0,153.0,184.5,162.75,16.59295293058211,-7.0,-0.0429447852760735
2026-09-11 23:00:00,75.4,62.2,1777.0,36.3,11.8,89.0,155,27.4,75,0.0,952.3,4.1,56,23,11,4,9,0,156.0,187.0,197.0,154.0,153.0,177.5,162.83333333333334,16.546815447368324,-1.0,-0.0064102564102563
2026-09-12 00:00:00,74.5,61.9,1329.0,30.4,10.8,89.0,155,26.3,79,0.0,952.2,4.1,49,0,12,5,9,1,155.0,163.0,203.0,154.0,153.0,169.5,162.91666666666666,16.500109793222514,0.0,0.0
2026-09-12 01:00:00,75.0,61.5,899.0,27.1,10.0,85.0,154,25.8,80,0.0,952.1,3.9,22,1,12,5,9,1,155.0,156.0,201.0,154.0,154.0,161.66666666666666,162.91666666666666,16.500109793222514,-1.0,-0.0064516129032258
2026-09-12 02:00:00,66.8,54.8,578.0,23.8,9.2,85.0,154,25.5,80,0.0,952.4,3.9,22,2,12,5,9,1,154.0,155.0,187.0,154.0,154.0,156.16666666666666,162.91666666666666,16.500109793222514,0.0,0.0
2026-09-12 03:00:00,46.9,39.1,401.0,18.2,8.1,92.0,153,25.3,80,0.0,952.2,3.7,35,3,12,5,9,1,154.0,155.0,163.0,154.0,154.0,154.5,162.875,16.524849535590473,-1.0,-0.0064935064935064
2026-09-12 04:00:00,40.4,33.8,334.0,12.6,7.1,101.0,152,25.4,79,0.0,952.4,3.6,37,4,12,5,9,1,153.0,154.0,156.0,177.0,155.0,153.83333333333334,162.75,16.598192672697582,-1.0,-0.0065359477124182
2026-09-12 05:00:00,90.3,74.0,366.0,41.5,8.7,52.0,151,25.4,80,0.7,953.2,6.2,52,5,12,5,9,1,152.0,154.0,155.0,197.0,155.0,153.16666666666666,162.58333333333334,16.699171202205562,-1.0,-0.006578947368421
2026-09-12 06:00:00,88.5,73.6,567.0,48.2,8.8,46.0,151,24.7,84,0.0,953.4,2.9,11,6,12,5,9,1,151.0,153.0,155.0,203.0,155.0,152.5,162.41666666666666,16.797817318528576,0.0,0.0
2026-09-12 07:00:00,76.8,68.0,867.0,56.8,9.1,40.0,151,25.5,81,0.0,954.2,3.5,348,7,12,5,9,1,151.0,152.0,154.0,201.0,155.0,152.0,162.25,16.894171879031326,0.0,0.0
2026-09-12 08:00:00,75.2,66.8,1047.0,58.0,11.1,52.0,151,26.6,76,0.2,954.5,5.0,35,8,12,5,9,1,151.0,151.0,154.0,187.0,155.0,151.5,162.08333333333334,16.98827387568715,0.0,0.0
2026-09-12 09:00:00,70.5,54.7,983.0,44.6,16.6,100.0,151,28.3,70,0.1,955.0,2.4,73,9,12,5,9,1,151.0,151.0,153.0,163.0,155.0,151.16666666666666,161.91666666666666,17.080160539584025,0.0,0.0
2026-09-12 10:00:00,72.4,55.6,799.0,23.8,23.7,165.0,151,29.4,66,0.0,955.0,1.9,158,10,12,5,9,1,151.0,151.0,152.0,156.0,154.0,151.0,161.79166666666666,17.15144604542916,0.0,0.0
2026-09-12 11:00:00,73.8,57.4,643.0,8.4,28.2,216.0,152,30.1,58,0.0,955.5,2.9,187,11,12,5,9,1,151.0,151.0,151.0,155.0,154.0,151.16666666666666,161.70833333333334,17.195750654731604,1.0,0.0066225165562914
2026-09-12 12:00:00,74.3,58.6,552.0,3.8,27.8,237.0,152,30.9,57,0.1,955.3,4.2,198,12,12,5,9,1,152.0,151.0,151.0,155.0,154.0,151.33333333333334,161.625,17.239521076773396,0.0,0.0
2026-09-12 13:00:00,74.0,59.1,489.0,4.4,24.9,243.0,152,31.1,56,0.1,954.7,3.6,221,13,12,5,9,1,152.0,151.0,151.0,154.0,154.0,151.5,161.54166666666666,17.282761370212302,0.0,0.0
2026-09-12 14:00:00,72.9,58.6,492.0,6.5,22.4,243.0,153,31.2,55,0.1,953.5,2.2,265,14,12,5,9,1,152.0,152.0,151.0,154.0,154.0,151.83333333333334,161.5,17.302927623608053,1.0,0.006578947368421
2026-09-12 15:00:00,71.2,57.2,560.0,4.5,21.5,243.0,153,31.3,56,0.1,952.8,2.7,290,15,12,5,9,1,153.0,152.0,151.0,153.0,154.0,152.16666666666666,161.45833333333334,17.322965823655277,0.0,0.0
2026-09-12 16:00:00,69.6,56.5,694.0,3.9,21.0,237.0,176,31.0,57,0.0,952.0,2.1,301,16,12,5,9,1,153.0,152.0,151.0,152.0,177.0,156.33333333333334,161.41666666666666,17.28511967904281,23.0,0.1503267973856208
2026-09-12 17:00:00,61.2,50.3,930.0,18.0,21.1,216.0,203,30.6,59,0.0,951.8,4.3,287,17,12,5,9,1,176.0,153.0,152.0,151.0,197.0,164.83333333333334,161.66666666666666,17.856107630447834,27.0,0.1534090909090908
2026-09-12 18:00:00,69.6,59.3,1391.0,60.1,21.5,157.0,210,29.1,70,0.0,951.5,3.1,310,18,12,5,9,1,203.0,153.0,152.0,151.0,203.0,174.5,161.95833333333334,18.602195210959884,7.0,0.0344827586206897
2026-09-12 19:00:00,83.1,72.6,1954.0,117.7,22.1,75.0,210,27.7,79,0.0,951.3,3.5,325,19,12,5,9,1,210.0,176.0,152.0,151.0,201.0,184.16666666666663,162.33333333333334,19.492845212865813,0.0,0.0
2026-09-12 20:00:00,91.0,80.3,2289.0,157.7,22.3,15.0,200,26.9,83,0.0,951.6,5.6,331,20,12,5,9,1,210.0,203.0,153.0,151.0,187.0,192.0,162.875,20.369014191423854,-10.0,-0.0476190476190476
2026-09-12 21:00:00,98.7,87.8,2215.0,165.1,22.2,0.0,165,26.2,85,0.0,951.9,3.9,347,21,12,5,9,1,200.0,210.0,153.0,151.0,163.0,194.0,162.95833333333334,20.373638480338457,-35.0,-0.175
2026-09-12 22:00:00,107.1,96.2,1913.0,154.9,21.9,0.0,154,25.4,89,0.0,952.1,2.1,340,22,12,5,9,1,165.0,210.0,176.0,151.0,156.0,190.33333333333337,162.875,20.40739955314569,-11.0,-0.0666666666666666
2026-09-12 23:00:00,110.1,99.7,1598.0,139.4,20.7,5.0,155,26.1,86,0.0,952.0,1.8,307,23,12,5,9,1,154.0,200.0,203.0,152.0,155.0,182.33333333333337,162.875,20.40739955314569,1.0,0.0064935064935065
2026-09-13 00:00:00,107.1,97.1,1311.0,119.9,18.0,10.0,156,25.4,86,0.0,952.4,2.4,27,0,13,6,9,1,155.0,165.0,210.0,152.0,155.0,173.33333333333334,162.91666666666666,20.39163653510188,1.0,0.0064516129032257
2026-09-13 01:00:00,97.8,88.5,1011.0,95.1,14.5,19.0,157,25.0,86,0.0,952.7,6.9,45,1,13,6,9,1,156.0,154.0,210.0,152.0,154.0,164.5,163.04166666666666,20.343739912395165,1.0,0.0064102564102563
2026-09-13 02:00:00,86.6,78.2,791.0,72.7,11.7,29.0,158,24.8,82,0.0,952.9,7.7,49,2,13,6,9,1,157.0,155.0,200.0,153.0,154.0,157.5,163.20833333333334,20.28273878828041,1.0,0.0063694267515923
2026-09-13 03:00:00,75.4,68.5,693.0,54.4,10.0,38.0,159,24.5,82,0.0,952.9,7.0,35,3,13,6,9,1,158.0,156.0,165.0,153.0,153.0,156.5,163.45833333333334,20.18819966706028,1.0,0.0063291139240506
2026-09-13 04:00:00,63.6,58.6,676.0,38.5,9.0,48.0,160,24.6,82,0.0,953.0,6.0,29,4,13,6,9,1,159.0,157.0,154.0,176.0,152.0,157.5,163.79166666666666,20.05639693392125,1.0,0.0062893081761006
2026-09-13 05:00:00,76.8,68.7,708.0,41.1,8.6,39.0,160,24.7,85,0.0,953.1,3.8,19,5,13,6,9,1,160.0,158.0,155.0,203.0,151.0,158.33333333333334,164.16666666666666,19.890278741279324,0.0,0.0
2026-09-13 06:00:00,70.8,65.4,835.0,40.9,8.6,46.0,160,24.0,89,0.0,953.1,3.1,13,6,13,6,9,1,160.0,159.0,156.0,210.0,151.0,159.0,164.54166666666666,19.715319946166257,0.0,0.0
2026-09-13 07:00:00,67.3,62.9,1013.0,40.1,8.7,57.0,160,25.1,85,0.0,953.7,2.5,360,7,13,6,9,1,160.0,160.0,157.0,210.0,151.0,159.5,164.91666666666666,19.531282970986425,0.0,0.0
2026-09-13 08:00:00,59.5,53.3,1073.0,36.5,10.2,78.0,160,26.9,77,0.0,954.3,0.6,124,8,13,6,9,1,160.0,160.0,158.0,200.0,151.0,159.83333333333334,165.29166666666666,19.337908629035304,0.0,0.0
2026-09-13 09:00:00,66.1,52.5,897.0,27.1,14.8,119.0,159,28.8,69,0.0,954.8,1.5,173,9,13,6,9,1,160.0,160.0,159.0,165.0,151.0,159.83333333333334,165.625,19.148873278239567,-1.0,-0.0062499999999999
2026-09-13 10:00:00,65.7,52.3,603.0,14.8,20.8,170.0,159,30.2,62,0.0,954.8,3.7,223,10,13,6,9,1,159.0,160.0,160.0,154.0,151.0,159.66666666666666,165.95833333333334,18.951836360871884,0.0,0.0
2026-09-13 11:00:00,57.3,46.0,386.0,5.8,24.1,206.0,159,31.5,54,0.0,954.4,6.7,261,11,13,6,9,1,159.0,160.0,160.0,155.0,152.0,159.5,166.25,18.780771850601298,0.0,0.0
2026-09-13 12:00:00,48.5,39.3,320.0,2.6,22.4,217.0,159,32.0,51,0.0,953.9,7.8,265,12,13,6,9,1,159.0,159.0,160.0,156.0,152.0,159.33333333333334,166.54166666666666,18.60336380678307,0.0,0.0
2026-09-13 13:00:00,44.6,36.4,331.0,2.6,18.0,213.0,158,32.4,49,0.0,953.4,8.3,283,13,13,6,9,1,159.0,159.0,160.0,157.0,152.0,159.0,166.79166666666666,18.439039790775087,-1.0,-0.0062893081761006
2026-09-13 14:00:00,41.6,34.2,384.0,4.3,14.3,204.0,158,32.4,48,0.0,952.3,9.2,281,14,13,6,9,1,158.0,159.0,160.0,158.0,153.0,158.66666666666666,167.0,18.30419291476298,0.0,0.0
2026-09-13 15:00:00,39.5,32.6,467.0,5.7,12.4,194.0,157,32.3,49,0.0,951.8,9.3,278,15,13,6,9,1,158.0,159.0,159.0,159.0,153.0,158.33333333333334,167.16666666666666,18.189023605189327,-1.0,-0.0063291139240506
2026-09-13 16:00:00,37.3,31.0,594.0,8.8,11.3,178.0,161,31.9,50,0.0,950.9,8.1,275,16,13,6,9,1,157.0,158.0,159.0,160.0,176.0,158.66666666666666,166.54166666666666,18.12991562527802,4.0,0.0254777070063694
2026-09-13 17:00:00,41.2,34.0,766.0,17.9,10.7,158.0,177,31.2,54,0.0,950.8,7.2,243,17,13,6,9,1,161.0,158.0,159.0,160.0,203.0,161.66666666666666,165.45833333333334,16.566018562541917,16.0,0.0993788819875776
2026-09-13 18:00:00,47.6,40.9,1058.0,34.7,11.6,130.0,183,29.8,65,0.0,950.6,2.6,295,18,13,6,9,1,177.0,157.0,159.0,160.0,210.0,165.66666666666666,164.33333333333334,14.150331588268957,6.0,0.0338983050847456
2026-09-13 19:00:00,54.4,47.3,1397.0,57.6,12.8,92.0,177,28.4,71,0.0,950.7,2.3,337,19,13,6,9,1,183.0,161.0,158.0,160.0,210.0,168.83333333333334,162.95833333333334,10.703429627791898,-6.0,-0.0327868852459016
2026-09-13 20:00:00,59.4,51.9,1565.0,72.8,13.5,63.0,158,27.5,77,0.0,951.1,1.8,349,20,13,6,9,1,177.0,177.0,158.0,160.0,200.0,168.83333333333334,161.20833333333334,7.265039373702128,-19.0,-0.1073446327683615
2026-09-13 21:00:00,61.9,54.2,1414.0,73.8,13.4,51.0,153,26.7,81,0.0,951.6,2.7,8,21,13,6,9,1,158.0,183.0,157.0,159.0,165.0,168.16666666666666,160.70833333333334,7.404341656238727,-5.0,-0.0316455696202531
2026-09-13 22:00:00,62.2,54.8,1092.0,66.9,12.7,49.0,152,26.1,83,0.0,952.0,2.8,18,22,13,6,9,1,153.0,177.0,161.0,159.0,154.0,166.66666666666666,160.625,7.493838048399861,-1.0,-0.0065359477124182
2026-09-13 23:00:00,59.4,52.7,824.0,57.8,12.0,52.0,150,26.5,78,0.0,952.2,2.0,45,23,13,6,9,1,152.0,158.0,177.0,159.0,155.0,162.16666666666666,160.41666666666666,7.723012853558206,-2.0,-0.0131578947368421
2026-09-14 00:00:00,54.0,48.0,701.0,46.4,11.2,61.0,147,25.6,79,0.0,952.6,5.4,37,0,14,0,9,0,150.0,153.0,183.0,159.0,156.0,156.16666666666666,160.04166666666666,8.153309099706444,-3.0,-0.02
2026-09-14 01:00:00,50.2,44.1,633.0,32.7,10.2,75.0,142,25.4,76,0.0,953.1,9.4,58,1,14,0,9,0,147.0,152.0,177.0,158.0,157.0,150.33333333333334,159.41666666666666,8.934139050837752,-5.0,-0.0340136054421769
2026-09-14 02:00:00,47.5,41.3,576.0,21.8,9.5,87.0,137,25.3,77,0.0,953.3,9.4,47,2,14,0,9,0,142.0,150.0,158.0,158.0,158.0,146.83333333333334,158.54166666666666,10.038963945619274,-5.0,-0.0352112676056337
2026-09-14 03:00:00,45.5,39.5,492.0,15.3,9.0,95.0,133,25.4,78,0.0,953.6,8.6,74,3,14,0,9,0,137.0,147.0,153.0,157.0,159.0,143.5,157.45833333333334,11.30978478504578,-4.0,-0.0291970802919707
2026-09-14 04:00:00,45.4,39.1,418.0,11.7,8.7,101.0,130,25.0,78,0.0,953.7,7.1,66,4,14,0,9,0,133.0,142.0,152.0,161.0,160.0,139.83333333333334,156.20833333333334,12.60082525477776,-3.0,-0.0225563909774436
2026-09-14 05:00:00,54.1,46.1,425.0,14.3,8.0,88.0,128,24.6,82,0.0,953.5,9.6,76,5,14,0,9,0,130.0,137.0,150.0,177.0,160.0,136.16666666666666,154.875,13.8165386088713,-2.0,-0.0153846153846153
2026-09-14 06:00:00,54.7,47.0,600.0,18.3,8.5,93.0,126,23.9,85,0.3,953.6,6.8,63,6,14,0,9,0,128.0,133.0,147.0,183.0,160.0,132.66666666666666,153.45833333333334,14.963663718623703,-2.0,-0.015625
2026-09-14 07:00:00,56.0,48.4,855.0,23.4,9.3,100.0,124,24.7,83,0.0,953.9,6.7,74,7,14,0,9,0,126.0,130.0,142.0,177.0,160.0,129.66666666666666,151.95833333333334,16.04471785400077,-2.0,-0.0158730158730159
2026-09-14 08:00:00,54.9,46.8,998.0,25.5,10.8,114.0,122,26.3,75,0.0,954.5,4.2,80,8,14,0,9,0,124.0,128.0,137.0,158.0,160.0,127.16666666666669,150.375,17.059518572135694,-2.0,-0.0161290322580645
2026-09-14 09:00:00,50.5,42.5,915.0,21.3,14.1,139.0,122,23.0,90,1.1,955.4,6.9,321,9,14,0,9,0,122.0,126.0,133.0,153.0,159.0,125.33333333333331,148.83333333333334,17.897453466337335,0.0,0.0
2026-09-14 10:00:00,50.5,41.6,721.0,14.0,18.1,169.0,121,23.9,90,1.8,954.7,2.8,320,10,14,0,9,0,122.0,124.0,130.0,152.0,159.0,123.83333333333331,147.25,18.62501823751663,-1.0,-0.0081967213114754
2026-09-14 11:00:00,51.8,43.0,564.0,8.4,20.5,194.0,120,31.7,48,0.1,955.2,3.3,283,11,14,0,9,0,121.0,122.0,128.0,150.0,159.0,122.5,145.625,19.24625881206193,-1.0,-0.0082644628099173
2026-09-14 12:00:00,50.5,42.4,493.0,6.1,19.9,209.0,119,32.0,49,0.0,954.6,5.8,248,12,14,0,9,0,120.0,122.0,126.0,147.0,159.0,121.33333333333331,143.95833333333334,19.762677090847397,-1.0,-0.0083333333333333
2026-09-14 13:00:00,49.0,41.8,459.0,5.4,17.7,218.0,120,32.2,48,0.0,953.5,6.1,247,13,14,0,9,0,119.0,121.0,124.0,142.0,158.0,120.66666666666669,142.375,20.107996462580115,1.0,0.0084033613445377
2026-09-14 14:00:00,47.4,40.7,469.0,6.2,15.9,221.0,129,32.2,47,0.0,952.7,6.6,249,14,14,0,9,0,120.0,120.0,122.0,137.0,158.0,121.83333333333331,141.16666666666666,19.99927534919099,9.0,0.0749999999999999
2026-09-14 15:00:00,46.0,39.7,510.0,4.9,15.1,221.0,155,32.1,48,0.0,951.8,7.0,249,15,14,0,9,0,129.0,119.0,122.0,133.0,157.0,127.33333333333331,141.08333333333334,19.9344941739443,26.0,0.2015503875968991
2026-09-14 16:00:00,45.1,39.2,595.0,5.1,14.5,214.0,174,31.5,51,0.0,951.3,7.4,269,16,14,0,9,0,155.0,120.0,121.0,130.0,161.0,136.16666666666666,141.625,20.662531727533025,19.0,0.1225806451612903
2026-09-14 17:00:00,54.8,46.8,767.0,21.3,14.1,176.0,190,31.0,57,0.0,951.4,8.0,211,17,14,0,9,0,174.0,129.0,120.0,128.0,177.0,147.83333333333334,142.16666666666666,21.770875372679846,16.0,0.0919540229885058
2026-09-14 18:00:00,63.1,55.4,1134.0,57.0,15.2,128.0,196,29.3,71,0.0,951.1,1.7,319,18,14,0,9,0,190.0,155.0,119.0,126.0,183.0,160.66666666666666,142.70833333333334,22.960228688958637,6.0,0.0315789473684211
2026-09-14 19:00:00,75.2,67.3,1588.0,105.8,16.7,62.0,190,27.9,78,0.0,951.0,0.4,360,19,14,0,9,0,196.0,174.0,120.0,124.0,177.0,172.33333333333334,143.25,23.936964320263517,-6.0,-0.0306122448979592
2026-09-14 20:00:00,82.9,75.0,1850.0,139.8,17.9,14.0,169,27.0,82,0.0,951.6,2.5,266,20,14,0,9,0,190.0,190.0,129.0,122.0,158.0,179.0,143.70833333333334,24.333693167877517,-21.0,-0.1105263157894737
2026-09-14 21:00:00,86.4,78.2,1754.0,146.6,18.9,1.0,133,26.3,84,0.0,952.2,2.2,294,21,14,0,9,0,169.0,196.0,155.0,122.0,153.0,175.33333333333334,142.875,24.344113653308906,-36.0,-0.2130177514792899
2026-09-14 22:00:00,91.0,82.9,1466.0,138.5,19.6,6.0,132,25.7,86,0.0,952.6,1.5,339,22,14,0,9,0,133.0,190.0,174.0,121.0,152.0,168.33333333333334,142.04166666666666,24.36047969590289,-1.0,-0.0075187969924812
2026-09-14 23:00:00,95.2,87.1,1203.0,125.1,19.4,14.0,135,25.7,89,0.0,952.9,7.2,76,23,14,0,9,0,132.0,169.0,190.0,120.0,150.0,159.16666666666666,141.41666666666666,24.33983435095417,3.0,0.0227272727272727
2026-09-15 00:00:00,95.7,88.0,1038.0,106.6,17.6,20.0,139,25.4,87,0.0,952.6,6.7,59,0,15,1,9,0,135.0,133.0,196.0,119.0,147.0,149.66666666666666,141.08333333333334,24.314813281774157,4.0,0.0296296296296296
2026-09-15 01:00:00,92.4,85.2,900.0,82.7,14.9,29.0,143,25.2,86,0.0,952.2,4.8,61,1,15,1,9,0,139.0,132.0,190.0,120.0,142.0,141.83333333333334,141.125,24.317309097413208,4.0,0.0287769784172662
2026-09-15 02:00:00,84.8,78.5,786.0,61.7,12.7,38.0,147,24.8,87,0.0,952.1,5.6,68,2,15,1,9,0,143.0,135.0,169.0,129.0,137.0,138.16666666666666,141.54166666666666,24.329225879260164,4.0,0.0279720279720279
2026-09-15 03:00:00,77.5,71.9,688.0,45.4,11.5,48.0,150,24.2,88,0.0,951.7,7.8,56,3,15,1,9,0,147.0,139.0,133.0,155.0,133.0,141.0,142.25,24.31719734995227,3.0,0.0204081632653061
2026-09-15 04:00:00,72.9,67.1,616.0,32.0,10.7,59.0,151,22.3,89,1.9,953.2,8.3,283,4,15,1,9,0,150.0,143.0,132.0,174.0,130.0,144.16666666666666,143.125,24.234923596725736,1.0,0.0066666666666665
2026-09-15 05:00:00,46.6,42.8,598.0,10.7,7.5,106.0,152,22.8,93,4.8,952.2,8.9,99,5,15,1,9,0,151.0,147.0,135.0,190.0,128.0,147.0,144.125,24.078336826862213,1.0,0.0066225165562914
2026-09-15 06:00:00,45.5,41.9,679.0,18.7,7.7,91.0,152,22.3,96,0.1,953.0,9.6,104,6,15,1,9,0,152.0,150.0,139.0,196.0,126.0,149.16666666666666,145.20833333333334,23.810810783023115,0.0,0.0
2026-09-15 07:00:00,48.5,44.5,815.0,29.4,8.2,71.0,152,22.1,97,0.1,953.2,8.3,101,7,15,1,9,0,152.0,151.0,143.0,190.0,124.0,150.66666666666666,146.375,23.40905157523849,0.0,0.0
2026-09-15 08:00:00,49.7,46.1,903.0,34.6,8.9,68.0,152,23.1,89,0.0,954.0,6.6,81,8,15,1,9,0,152.0,152.0,147.0,169.0,122.0,151.5,147.625,22.84505940308398,0.0,0.0
2026-09-15 09:00:00,47.7,42.3,896.0,28.9,10.5,96.0,152,23.0,93,1.8,953.8,1.8,53,9,15,1,9,0,152.0,152.0,150.0,133.0,122.0,151.83333333333334,148.875,22.193443019132445,0.0,0.0
2026-09-15 10:00:00,46.4,39.9,840.0,17.7,12.4,139.0,152,25.3,82,0.3,954.3,2.2,279,10,15,1,9,0,152.0,152.0,151.0,132.0,121.0,152.0,150.16666666666666,21.388063852586527,0.0,0.0
2026-09-15 11:00:00,42.1,36.2,775.0,9.0,13.4,173.0,152,22.1,93,0.0,955.1,4.5,137,11,15,1,9,0,152.0,152.0,152.0,135.0,120.0,152.0,151.5,20.400341003117497,0.0,0.0
2026-09-15 12:00:00,37.7,32.4,694.0,5.4,12.6,189.0,151,22.9,89,1.6,954.9,3.6,30,12,15,1,9,0,152.0,152.0,152.0,139.0,119.0,151.83333333333334,152.83333333333334,19.19389999717221,-1.0,-0.006578947368421
2026-09-15 13:00:00,35.2,30.0,603.0,4.3,10.9,195.0,151,24.1,87,1.1,953.7,7.6,89,13,15,1,9,0,151.0,152.0,152.0,143.0,120.0,151.66666666666666,154.125,17.88687276723636,0.0,0.0
2026-09-15 14:00:00,34.2,29.0,560.0,5.6,9.6,193.0,151,26.7,72,0.2,952.8,5.0,69,14,15,1,9,0,151.0,152.0,152.0,147.0,129.0,151.5,155.04166666666666,17.089226625762308,0.0,0.0
2026-09-15 15:00:00,33.3,28.3,541.0,7.1,9.1,184.0,150,27.8,65,0.0,952.0,2.8,117,15,15,1,9,0,151.0,151.0,152.0,150.0,155.0,151.16666666666666,154.83333333333334,17.120205877131244,-1.0,-0.0066225165562914
2026-09-15 16:00:00,32.6,27.8,571.0,11.0,8.9,168.0,150,28.0,63,0.0,951.5,1.0,239,16,15,1,9,0,150.0,151.0,152.0,151.0,174.0,150.83333333333334,153.83333333333334,16.646364446189434,0.0,0.0
2026-09-15 17:00:00,25.3,22.1,781.0,23.4,9.5,136.0,151,27.6,67,0.0,951.4,0.8,135,17,15,1,9,0,150.0,151.0,152.0,152.0,190.0,150.66666666666666,152.20833333333334,14.758871073436376,1.0,0.0066666666666665
2026-09-15 18:00:00,31.2,28.3,1398.0,51.1,10.6,98.0,157,26.4,78,0.0,951.1,1.7,221,18,15,1,9,0,151.0,150.0,151.0,152.0,196.0,151.66666666666666,150.58333333333334,11.51904535094382,6.0,0.0397350993377483
2026-09-15 19:00:00,39.9,36.8,2196.0,89.1,12.2,46.0,151,25.2,83,0.0,951.0,5.2,286,19,15,1,9,0,157.0,150.0,151.0,152.0,190.0,151.66666666666666,148.95833333333334,7.89870196637542,-6.0,-0.0382165605095541
2026-09-15 20:00:00,51.2,48.0,2627.0,116.4,13.6,8.0,141,24.6,85,0.0,951.2,4.6,288,20,15,1,9,0,151.0,151.0,151.0,152.0,169.0,150.0,147.79166666666666,6.801401177038068,-10.0,-0.0662251655629139
2026-09-15 21:00:00,60.3,57.2,2354.0,123.8,15.0,0.0,138,24.0,89,0.0,951.6,4.8,299,21,15,1,9,0,141.0,157.0,150.0,152.0,133.0,148.0,148.0,6.3929308785088175,-3.0,-0.0212765957446808
2026-09-15 22:00:00,64.7,61.7,1715.0,120.6,16.2,0.0,136,23.7,90,0.0,951.6,5.3,325,22,15,1,9,0,138.0,151.0,150.0,152.0,132.0,145.66666666666666,148.16666666666666,5.997584054663491,-2.0,-0.0144927536231883
2026-09-15 23:00:00,68.2,65.0,1171.0,113.6,16.2,1.0,133,22.9,95,0.0,952.2,2.4,36,23,15,1,9,0,136.0,141.0,151.0,152.0,135.0,142.66666666666666,148.08333333333334,6.198994775920065,-3.0,-0.0220588235294117
2026-09-16 00:00:00,72.9,69.8,893.0,103.9,13.8,0.0,131,22.5,96,0.0,952.3,4.7,28,0,16,2,9,0,133.0,138.0,157.0,151.0,139.0,138.33333333333334,147.75,6.885712997087614,-2.0,-0.0150375939849624
2026-09-16 01:00:00,69.8,67.8,711.0,90.5,10.1,0.0,129,22.3,95,0.0,951.9,3.2,357,1,16,2,9,0,131.0,136.0,151.0,151.0,143.0,134.66666666666666,147.16666666666666,7.833410422069081,-2.0,-0.0152671755725191
2026-09-16 02:00:00,60.1,58.8,579.0,77.4,7.4,2.0,127,22.1,94,0.0,951.4,3.2,326,2,16,2,9,0,129.0,133.0,141.0,151.0,147.0,132.33333333333334,146.33333333333334,8.849793250676054,-2.0,-0.0155038759689922
2026-09-16 03:00:00,49.5,48.4,472.0,64.5,6.5,11.0,125,21.9,94,0.0,951.0,3.7,299,3,16,2,9,0,127.0,131.0,138.0,150.0,150.0,130.16666666666666,145.29166666666666,9.817815070249852,-2.0,-0.0157480314960629
2026-09-16 04:00:00,41.4,40.5,416.0,51.9,6.6,23.0,123,21.5,94,0.0,950.8,3.5,309,4,16,2,9,0,125.0,129.0,136.0,150.0,151.0,128.0,144.125,10.731151321999649,-2.0,-0.016
2026-09-16 05:00:00,46.7,45.2,439.0,63.8,6.5,8.0,120,22.3,91,0.0,951.0,1.5,30,5,16,2,9,0,123.0,127.0,133.0,151.0,152.0,125.83333333333331,142.79166666666666,11.658097266881134,-3.0,-0.024390243902439
2026-09-16 06:00:00,44.6,43.2,607.0,61.8,6.3,6.0,120,22.0,90,0.0,951.3,1.4,320,6,16,2,9,0,120.0,125.0,131.0,157.0,152.0,124.0,141.45833333333334,12.367486007468605,0.0,0.0
2026-09-16 07:00:00,47.1,46.2,855.0,58.6,6.2,4.0,121,23.3,84,0.0,951.9,3.4,328,7,16,2,9,0,120.0,123.0,129.0,151.0,152.0,122.66666666666669,140.16666666666666,12.828862387013606,1.0,0.0083333333333333
2026-09-16 08:00:00,47.1,45.8,1018.0,52.3,7.7,19.0,121,24.7,77,0.0,952.6,1.4,310,8,16,2,9,0,121.0,120.0,127.0,141.0,152.0,121.66666666666669,138.875,13.142405643068628,0.0,0.0
2026-09-16 09:00:00,40.2,35.5,1017.0,40.2,12.7,64.0,121,26.4,70,0.0,952.9,1.0,211,9,16,2,9,0,121.0,120.0,125.0,138.0,152.0,121.0,137.58333333333334,13.318560656881088,0.0,0.0
2026-09-16 10:00:00,40.4,35.3,931.0,25.1,19.4,126.0,120,27.6,66,0.0,952.9,3.5,219,10,16,2,9,0,121.0,121.0,123.0,136.0,152.0,120.5,136.25,13.413977136133145,-1.0,-0.0082644628099173
2026-09-16 11:00:00,40.6,35.5,828.0,13.5,23.4,173.0,120,28.6,59,0.0,953.5,5.6,230,11,16,2,9,0,120.0,121.0,120.0,133.0,152.0,120.5,134.91666666666666,13.370690420425134,0.0,0.0
2026-09-16 12:00:00,41.8,36.8,683.0,8.0,22.2,194.0,119,29.3,56,0.0,952.9,6.4,230,12,16,2,9,0,120.0,121.0,120.0,131.0,151.0,120.33333333333331,133.58333333333334,13.29241911004578,-1.0,-0.0083333333333333
2026-09-16 13:00:00,42.6,37.5,521.0,6.1,18.4,200.0,120,29.6,55,0.1,952.0,5.4,236,13,16,2,9,0,119.0,120.0,121.0,129.0,151.0,120.16666666666669,132.29166666666666,13.029996051475184,1.0,0.0084033613445377
2026-09-16 14:00:00,42.5,37.3,481.0,6.8,15.6,200.0,121,30.0,54,0.1,951.0,3.1,270,14,16,2,9,0,120.0,120.0,121.0,127.0,151.0,120.16666666666669,131.04166666666666,12.58874295850752,1.0,0.0083333333333333
2026-09-16 15:00:00,43.1,37.7,598.0,7.3,15.4,198.0,122,29.6,56,0.3,950.4,3.6,342,15,16,2,9,0,121.0,119.0,121.0,125.0,150.0,120.33333333333331,129.875,12.040917558566084,1.0,0.0082644628099173
2026-09-16 16:00:00,44.0,38.6,836.0,10.5,16.3,190.0,123,28.0,65,1.5,949.7,6.4,350,16,16,2,9,0,122.0,120.0,120.0,123.0,150.0,120.83333333333331,128.75,11.31851119415384,1.0,0.0081967213114753
2026-09-16 17:00:00,62.2,53.6,1228.0,21.5,14.7,161.0,152,29.6,53,0.0,949.5,2.2,261,17,16,2,9,0,123.0,121.0,120.0,120.0,151.0,126.16666666666669,128.79166666666666,11.405487491885127,29.0,0.2357723577235773
2026-09-16 18:00:00,76.4,68.5,1904.0,53.3,15.3,115.0,167,27.7,68,0.0,949.2,0.4,27,18,16,2,9,0,152.0,122.0,119.0,120.0,157.0,134.16666666666666,129.20833333333334,12.600825254778387,15.0,0.0986842105263157
2026-09-16 19:00:00,84.8,77.1,2734.0,96.9,16.2,52.0,166,26.0,79,0.0,948.5,2.9,7,19,16,2,9,0,167.0,123.0,120.0,121.0,151.0,141.83333333333334,129.83333333333334,14.020688647314676,-1.0,-0.0059880239520958
2026-09-16 20:00:00,93.4,85.7,3353.0,127.9,17.0,5.0,145,25.1,84,0.0,948.5,4.5,355,20,16,2,9,0,166.0,152.0,121.0,121.0,141.0,145.83333333333334,130.0,14.18204621282203,-21.0,-0.1265060240963855
2026-09-16 21:00:00,96.6,88.9,3654.0,137.1,18.2,0.0,139,24.3,87,0.0,948.5,4.5,323,21,16,2,9,0,145.0,167.0,122.0,121.0,138.0,148.66666666666666,130.04166666666666,14.2080172305357,-6.0,-0.0413793103448275
2026-09-16 22:00:00,105.5,97.8,3745.0,133.7,19.4,0.0,143,24.3,83,0.0,948.4,6.2,324,22,16,2,9,0,139.0,166.0,123.0,120.0,136.0,152.0,130.33333333333334,14.40611786304932,4.0,0.0287769784172662
2026-09-16 23:00:00,114.3,106.6,3585.0,120.6,19.1,1.0,146,25.1,74,0.0,947.9,9.4,313,23,16,2,9,0,143.0,145.0,152.0,120.0,133.0,151.0,130.875,14.751013229753342,3.0,0.020979020979021
2026-09-17 00:00:00,108.7,102.2,3038.0,92.2,15.8,27.0,150,23.7,81,0.1,948.1,1.0,112,0,17,3,9,0,146.0,139.0,167.0,119.0,131.0,148.16666666666666,131.66666666666666,15.259114643718837,4.0,0.0273972602739727
2026-09-17 01:00:00,59.1,54.9,2240.0,54.2,10.9,63.0,151,20.6,99,4.9,949.6,3.3,29,1,17,3,9,0,150.0,143.0,166.0,120.0,129.0,145.66666666666666,132.58333333333334,15.745024518922104,1.0,0.0066666666666665
2026-09-17 02:00:00,49.7,46.6,1560.0,26.2,7.3,88.0,151,20.7,97,2.0,948.7,7.8,77,2,17,3,9,0,151.0,146.0,145.0,121.0,127.0,146.66666666666666,133.58333333333334,16.132378100838512,0.0,0.0
2026-09-17 03:00:00,43.7,40.7,1115.0,17.4,6.1,90.0,150,20.8,95,0.9,948.0,9.2,42,3,17,3,9,0,151.0,150.0,139.0,122.0,125.0,148.5,134.625,16.3595803603034,-1.0,-0.0066225165562914
2026-09-17 04:00:00,41.6,38.4,788.0,18.7,6.1,80.0,150,21.4,92,0.0,947.8,2.7,4,4,17,3,9,0,150.0,151.0,143.0,123.0,123.0,149.66666666666666,135.75,16.453491766319825,0.0,0.0
2026-09-17 05:00:00,85.4,78.5,596.0,60.4,11.4,21.0,150,21.3,95,0.0,948.4,6.0,107,5,17,3,9,0,150.0,151.0,146.0,152.0,120.0,150.33333333333334,137.0,16.344125390568138,0.0,0.0
2026-09-17 06:00:00,93.6,85.9,603.0,59.2,11.8,21.0,151,20.8,95,0.0,949.0,1.8,96,6,17,3,9,0,150.0,150.0,150.0,167.0,120.0,150.5,138.29166666666666,16.166199754201912,1.0,0.0066666666666665
2026-09-17 07:00:00,99.7,92.7,745.0,57.0,12.4,23.0,152,21.2,91,0.0,949.7,7.6,135,7,17,3,9,0,151.0,150.0,151.0,166.0,121.0,150.66666666666666,139.58333333333334,15.96168419430869,1.0,0.0066225165562914
2026-09-17 08:00:00,84.3,76.4,845.0,51.1,12.9,37.0,154,21.9,85,0.0,950.6,6.2,102,8,17,3,9,0,152.0,150.0,151.0,145.0,121.0,151.16666666666666,140.95833333333334,15.710642105347604,2.0,0.013157894736842
2026-09-17 09:00:00,65.0,56.1,827.0,38.0,13.4,73.0,155,23.1,76,0.1,950.7,2.5,90,9,17,3,9,0,154.0,151.0,150.0,139.0,121.0,152.0,142.375,15.361760825249656,1.0,0.0064935064935065
2026-09-17 10:00:00,56.5,47.5,767.0,21.3,13.8,121.0,155,24.9,66,0.0,951.6,1.5,7,10,17,3,9,0,155.0,152.0,150.0,143.0,120.0,152.83333333333334,143.83333333333334,14.796200060552168,0.0,0.0
2026-09-17 11:00:00,55.3,46.4,714.0,8.9,13.9,157.0,156,26.9,56,0.0,951.9,3.5,168,11,17,3,9,0,155.0,154.0,150.0,146.0,120.0,153.83333333333334,145.33333333333334,14.082572228812069,1.0,0.0064516129032257
2026-09-17 12:00:00,52.7,44.5,630.0,4.4,13.2,171.0,156,27.5,53,0.0,951.9,7.8,148,12,17,3,9,0,156.0,155.0,151.0,150.0,119.0,154.66666666666666,146.875,13.06276653566215,0.0,0.0
2026-09-17 13:00:00,49.8,42.1,552.0,4.4,12.1,173.0,156,28.0,50,0.0,951.6,9.6,139,13,17,3,9,0,156.0,155.0,152.0,151.0,120.0,155.33333333333334,148.375,11.85349884138034,0.0,0.0
2026-09-17 14:00:00,47.3,39.9,642.0,6.2,11.4,170.0,156,28.2,48,0.0,951.1,8.2,122,14,17,3,9,0,156.0,156.0,154.0,151.0,121.0,155.66666666666666,149.83333333333334,10.403455390300197,0.0,0.0
2026-09-17 15:00:00,45.2,38.2,1035.0,6.4,11.4,166.0,156,28.1,47,0.0,950.5,8.3,110,15,17,3,9,0,156.0,156.0,155.0,150.0,122.0,155.83333333333334,151.25,8.608640755204505,0.0,0.0
2026-09-17 16:00:00,42.8,36.1,1595.0,8.5,11.8,157.0,156,28.0,48,0.0,950.0,7.1,111,16,17,3,9,0,156.0,156.0,155.0,150.0,123.0,156.0,152.625,6.198264132873217,0.0,0.0
2026-09-17 17:00:00,46.9,40.5,2074.0,19.6,12.0,145.0,156,26.8,58,0.0,950.1,11.5,130,17,17,3,9,0,156.0,156.0,156.0,150.0,152.0,156.0,152.79166666666666,6.2344008231089285,0.0,0.0
2026-09-17 18:00:00,59.3,53.3,2450.0,51.8,13.7,106.0,156,25.2,69,0.0,950.1,4.4,102,18,17,3,9,0,156.0,156.0,156.0,151.0,167.0,156.0,152.33333333333334,5.5062546780641535,0.0,0.0
2026-09-17 19:00:00,74.0,67.8,2744.0,95.8,15.9,52.0,156,24.5,73,0.0,950.0,2.0,27,19,17,3,9,0,156.0,156.0,156.0,152.0,166.0,156.0,151.91666666666666,4.754098155839431,0.0,0.0
2026-09-17 20:00:00,85.0,78.5,2774.0,125.1,17.0,12.0,155,24.1,73,0.0,950.6,2.3,29,20,17,3,9,0,156.0,156.0,156.0,154.0,145.0,155.83333333333334,152.33333333333334,4.55561446880649,-1.0,-0.0064102564102563
2026-09-17 21:00:00,95.5,88.7,2350.0,125.8,16.2,0.0,155,23.3,75,0.0,950.6,2.6,25,21,17,3,9,0,155.0,156.0,156.0,155.0,139.0,155.66666666666666,153.0,3.5874176251705077,0.0,0.0
2026-09-17 22:00:00,100.4,94.1,1661.0,111.9,14.3,2.0,155,22.7,78,0.0,950.5,2.4,351,22,17,3,9,0,155.0,156.0,156.0,155.0,143.0,155.5,153.5,2.904269720375149,0.0,0.0
2026-09-17 23:00:00,99.7,93.8,1090.0,98.4,12.3,5.0,155,23.6,83,0.0,950.4,1.8,45,23,17,3,9,0,155.0,155.0,156.0,156.0,146.0,155.33333333333334,153.875,2.437256119347397,0.0,0.0
2026-09-18 00:00:00,94.1,88.9,784.0,90.7,10.4,4.0,155,22.8,84,0.0,950.4,2.1,20,0,18,4,9,0,155.0,155.0,156.0,156.0,150.0,155.16666666666666,154.08333333333334,2.301543275558201,0.0,0.0
2026-09-18 01:00:00,84.1,79.4,596.0,83.5,8.3,3.0,154,22.6,82,0.0,950.5,2.2,325,1,18,4,9,0,155.0,155.0,156.0,156.0,151.0,154.83333333333334,154.20833333333334,2.2062986251140417,-1.0,-0.0064516129032258
2026-09-18 02:00:00,73.1,68.7,467.0,76.1,6.8,5.0,155,22.6,82,0.0,950.3,3.0,343,2,18,4,9,0,154.0,155.0,155.0,156.0,151.0,154.83333333333334,154.375,2.102017664260014,1.0,0.0064935064935065
2026-09-18 03:00:00,61.7,57.6,357.0,67.2,6.1,10.0,156,22.5,81,0.0,950.2,1.5,353,3,18,4,9,0,155.0,155.0,155.0,156.0,150.0,155.0,154.625,1.906795627540804,1.0,0.0064516129032257
2026-09-18 04:00:00,50.8,47.0,305.0,58.1,5.9,17.0,156,22.2,81,0.0,950.2,0.8,333,4,18,4,9,0,156.0,154.0,155.0,156.0,150.0,155.16666666666666,154.875,1.6500988112678705,0.0,0.0
2026-09-18 05:00:00,41.6,38.5,376.0,56.4,5.8,17.0,156,21.8,82,0.0,949.8,5.4,312,5,18,4,9,0,156.0,155.0,155.0,156.0,150.0,155.33333333333334,155.125,1.2958965337085555,0.0,0.0
2026-09-18 06:00:00,36.8,34.1,698.0,54.4,5.8,16.0,155,20.9,84,0.0,949.7,5.9,317,6,18,4,9,0,156.0,156.0,155.0,156.0,151.0,155.33333333333334,155.29166666666666,0.9545846657309748,-1.0,-0.0064102564102563
2026-09-18 07:00:00,36.6,34.0,1142.0,51.2,6.0,16.0,154,21.9,81,0.0,950.0,5.5,324,7,18,4,9,0,155.0,156.0,154.0,156.0,152.0,155.33333333333334,155.375,0.7109393663311717,-1.0,-0.0064516129032258
2026-09-18 08:00:00,38.8,35.9,1383.0,45.4,7.2,30.0,152,24.4,73,0.0,950.6,2.8,349,8,18,4,9,0,154.0,156.0,155.0,155.0,154.0,154.83333333333334,155.29166666666666,0.9545846657309712,-2.0,-0.0129870129870129
2026-09-18 09:00:00,37.0,30.0,1217.0,34.6,10.5,70.0,151,26.4,64,0.0,951.2,1.0,59,9,18,4,9,0,152.0,155.0,156.0,155.0,155.0,154.0,155.125,1.2958965337085493,-1.0,-0.006578947368421
2026-09-18 10:00:00,37.5,29.2,847.0,21.2,14.7,125.0,149,27.7,61,0.0,951.7,3.1,193,10,18,4,9,0,151.0,154.0,156.0,155.0,155.0,152.83333333333334,154.875,1.8012676695545249,-2.0,-0.0132450331125827
2026-09-18 11:00:00,37.7,29.3,560.0,11.1,17.3,167.0,147,29.1,47,0.0,952.6,4.8,248,11,18,4,9,0,149.0,152.0,156.0,155.0,156.0,151.33333333333334,154.5,2.3956482285122753,-2.0,-0.0134228187919462
2026-09-18 12:00:00,38.3,30.2,446.0,5.9,16.6,189.0,146,29.5,47,0.0,952.2,5.4,244,12,18,4,9,0,147.0,151.0,155.0,155.0,156.0,149.83333333333334,154.08333333333334,2.9328227487105396,-1.0,-0.0068027210884353
2026-09-18 13:00:00,38.3,30.4,415.0,3.9,14.2,198.0,144,30.2,41,0.1,951.5,5.7,229,13,18,4,9,0,146.0,149.0,154.0,154.0,156.0,148.16666666666666,153.58333333333334,3.549852007528546,-2.0,-0.0136986301369863
2026-09-18 14:00:00,37.8,30.3,484.0,6.0,12.2,197.0,143,30.2,39,0.1,951.1,6.2,216,14,18,4,9,0,144.0,147.0,152.0,155.0,156.0,146.66666666666666,153.04166666666666,4.112326821162264,-1.0,-0.0069444444444444
2026-09-18 15:00:00,37.6,30.3,677.0,11.3,11.2,183.0,142,30.1,40,0.0,950.7,5.2,226,15,18,4,9,0,143.0,146.0,151.0,156.0,156.0,145.16666666666666,152.45833333333334,4.634269011975388,-1.0,-0.0069930069930069
2026-09-18 16:00:00,37.6,30.5,970.0,20.8,10.6,158.0,141,29.8,41,0.0,950.4,3.1,220,16,18,4,9,0,142.0,144.0,149.0,156.0,156.0,143.83333333333334,151.83333333333334,5.121707142932378,-1.0,-0.0070422535211267
2026-09-18 17:00:00,25.8,22.4,1309.0,32.7,12.6,144.0,141,29.8,44,0.0,950.8,3.2,341,17,18,4,9,0,141.0,143.0,147.0,156.0,156.0,142.83333333333334,151.20833333333334,5.492913748573646,0.0,0.0
2026-09-18 18:00:00,40.5,36.9,1800.0,67.2,14.3,104.0,154,26.6,63,0.0,950.5,3.3,354,18,18,4,9,0,141.0,142.0,146.0,155.0,156.0,144.16666666666666,151.125,5.431890534850899,13.0,0.0921985815602837
2026-09-18 19:00:00,52.0,48.3,2338.0,114.0,16.5,49.0,151,25.2,71,0.0,950.7,2.8,342,19,18,4,9,0,154.0,141.0,144.0,154.0,156.0,145.33333333333334,150.91666666666666,5.331747952771052,-3.0,-0.0194805194805194
2026-09-18 20:00:00,58.7,54.5,2549.0,143.8,17.5,8.0,135,24.5,72,0.0,951.1,2.3,337,20,18,4,9,0,151.0,141.0,143.0,152.0,155.0,144.0,150.08333333333334,6.163826216173141,-16.0,-0.1059602649006622
2026-09-18 21:00:00,63.6,59.4,2156.0,140.4,16.2,0.0,132,24.2,70,0.0,951.5,3.4,342,21,18,4,9,0,135.0,154.0,142.0,151.0,155.0,142.33333333333334,149.125,7.085272539325317,-3.0,-0.0222222222222222
2026-09-18 22:00:00,67.1,63.1,1437.0,119.9,13.5,0.0,129,24.1,67,0.0,951.4,4.5,331,22,18,4,9,0,132.0,151.0,141.0,149.0,155.0,140.33333333333334,148.04166666666666,8.067536484425267,-3.0,-0.0227272727272727
2026-09-18 23:00:00,65.0,61.7,851.0,101.2,11.1,2.0,126,24.8,60,0.0,951.5,7.0,312,23,18,4,9,0,129.0,135.0,141.0,147.0,155.0,137.83333333333334,146.83333333333334,9.08733790198896,-3.0,-0.0232558139534884
2026-09-19 00:00:00,58.2,55.6,575.0,91.6,9.2,2.0,123,23.8,64,0.0,951.2,5.0,325,0,19,5,9,1,126.0,132.0,154.0,146.0,155.0,132.66666666666666,145.5,10.125301927865335,-3.0,-0.0238095238095238
2026-09-19 01:00:00,49.5,47.3,432.0,83.8,7.4,4.0,119,23.1,67,0.0,950.6,5.2,335,1,19,5,9,1,123.0,129.0,151.0,144.0,154.0,127.33333333333331,144.04166666666666,11.300169935877516,-4.0,-0.0325203252032519
2026-09-19 02:00:00,41.3,39.3,346.0,75.3,6.1,7.0,116,22.5,70,0.0,950.6,3.9,323,2,19,5,9,1,119.0,126.0,135.0,143.0,155.0,124.16666666666669,142.41666666666666,12.405877522426636,-3.0,-0.0252100840336134
2026-09-19 03:00:00,35.3,33.3,268.0,63.5,5.4,12.0,113,22.3,71,0.0,950.5,3.1,332,3,19,5,9,1,116.0,123.0,132.0,142.0,156.0,121.0,140.625,13.422280309085146,-3.0,-0.0258620689655172
2026-09-19 04:00:00,30.9,29.1,247.0,51.0,5.1,19.0,110,22.1,71,0.0,950.6,1.3,326,4,19,5,9,1,113.0,119.0,129.0,141.0,156.0,117.83333333333331,138.70833333333334,14.38138642003347,-3.0,-0.0265486725663717
2026-09-19 05:00:00,35.5,34.0,357.0,46.6,3.5,6.0,108,22.3,72,0.0,951.0,0.5,360,5,19,5,9,1,110.0,116.0,126.0,141.0,156.0,114.83333333333331,136.70833333333334,15.187177562629818,-2.0,-0.0181818181818181
2026-09-19 06:00:00,33.6,32.2,740.0,50.4,4.6,7.0,108,21.0,80,0.0,951.3,2.7,48,6,19,5,9,1,108.0,113.0,123.0,154.0,155.0,112.33333333333331,134.75,15.745944957629677,0.0,0.0
2026-09-19 07:00:00,35.9,34.7,1255.0,54.9,6.3,11.0,108,22.2,77,0.0,952.1,3.2,34,7,19,5,9,1,108.0,110.0,119.0,151.0,154.0,110.5,132.83333333333334,16.096628506472147,0.0,0.0
2026-09-19 08:00:00,34.6,33.1,1547.0,53.8,8.6,29.0,108,23.9,72,0.0,953.2,2.3,86,8,19,5,9,1,108.0,108.0,116.0,135.0,152.0,109.16666666666669,131.0,16.32283010414268,0.0,0.0
2026-09-19 09:00:00,26.4,23.7,1401.0,41.5,12.5,76.0,108,25.8,65,0.0,954.4,2.4,107,9,19,5,9,1,108.0,108.0,113.0,132.0,151.0,108.33333333333331,129.20833333333334,16.391883375003697,0.0,0.0
2026-09-19 10:00:00,23.9,21.5,1033.0,23.5,17.0,137.0,107,27.6,57,0.0,954.8,2.8,117,10,19,5,9,1,108.0,108.0,110.0,129.0,149.0,107.83333333333331,127.45833333333331,16.42897537535655,-1.0,-0.0092592592592593
2026-09-19 11:00:00,23.3,21.0,736.0,10.0,19.7,184.0,106,28.6,52,0.0,955.3,3.1,135,11,19,5,9,1,107.0,108.0,108.0,126.0,147.0,107.5,125.75,16.440273984811434,-1.0,-0.0093457943925233
2026-09-19 12:00:00,23.8,21.5,597.0,4.6,19.0,206.0,105,29.8,48,0.0,955.1,2.4,167,12,19,5,9,1,106.0,108.0,108.0,123.0,146.0,107.0,124.04166666666669,16.374633528370115,-1.0,-0.0094339622641509
2026-09-19 13:00:00,24.0,21.7,529.0,3.7,16.4,215.0,104,30.3,46,0.0,954.5,3.3,171,13,19,5,9,1,105.0,107.0,108.0,119.0,144.0,106.33333333333331,122.375,16.290334557645473,-1.0,-0.0095238095238094
2026-09-19 14:00:00,23.9,21.6,561.0,5.9,14.3,214.0,103,30.5,44,0.0,953.7,3.6,171,14,19,5,9,1,104.0,106.0,108.0,116.0,143.0,105.5,120.70833333333331,16.13389401948283,-1.0,-0.0096153846153845
2026-09-19 15:00:00,23.8,21.5,740.0,10.1,13.5,204.0,103,30.5,43,0.0,953.3,4.4,168,15,19,5,9,1,103.0,105.0,108.0,113.0,142.0,104.66666666666669,119.08333333333331,15.857837636095748,0.0,0.0
2026-09-19 16:00:00,24.1,21.5,1018.0,17.5,13.2,184.0,136,30.2,43,0.0,953.0,4.0,170,16,19,5,9,1,103.0,104.0,107.0,110.0,141.0,109.5,118.875,15.587934297147752,33.0,0.3203883495145632
2026-09-19 17:00:00,18.2,16.8,1288.0,25.5,12.5,156.0,164,29.6,53,0.0,953.1,4.8,155,17,19,5,9,1,136.0,103.0,106.0,108.0,141.0,119.16666666666669,119.83333333333331,17.5862264945855,28.0,0.2058823529411764
2026-09-19 18:00:00,26.8,25.7,1577.0,50.9,12.9,119.0,177,27.7,63,0.0,953.2,0.3,315,18,19,5,9,1,164.0,103.0,105.0,108.0,154.0,131.16666666666666,120.79166666666669,19.991257147034556,13.0,0.0792682926829269
2026-09-19 19:00:00,33.8,32.6,1856.0,85.8,13.5,69.0,174,26.1,66,0.0,952.9,2.6,348,19,19,5,9,1,177.0,136.0,104.0,108.0,151.0,142.83333333333334,121.75,21.95697373620037,-3.0,-0.0169491525423728
2026-09-19 20:00:00,37.4,36.4,1933.0,111.3,13.9,30.0,155,24.9,73,0.0,953.2,4.5,355,20,19,5,9,1,174.0,164.0,103.0,108.0,135.0,151.5,122.58333333333331,22.843354407348507,-19.0,-0.1091954022988506
2026-09-19 21:00:00,38.9,38.0,1641.0,119.4,14.0,15.0,120,23.7,80,0.0,953.5,4.1,2,21,19,5,9,1,155.0,177.0,103.0,108.0,132.0,154.33333333333334,122.08333333333331,22.75945415916663,-35.0,-0.2258064516129032
2026-09-19 22:00:00,41.7,40.7,1146.0,118.0,13.9,11.0,95,23.1,82,0.0,953.6,1.6,354,22,19,5,9,1,120.0,174.0,136.0,107.0,129.0,147.5,120.66666666666669,23.360439741741935,-25.0,-0.2083333333333333
2026-09-19 23:00:00,48.3,47.4,754.0,112.4,13.1,9.0,93,24.4,73,0.0,953.7,1.2,321,23,19,5,9,1,95.0,155.0,164.0,106.0,126.0,135.66666666666666,119.29166666666669,23.99543283838552,-2.0,-0.0210526315789473
2026-09-20 00:00:00,49.6,48.8,585.0,102.3,11.1,7.0,92,23.3,75,0.0,953.4,2.1,15,0,20,6,9,1,93.0,120.0,177.0,105.0,123.0,121.5,118.0,24.61353462947863,-1.0,-0.010752688172043
2026-09-20 01:00:00,46.4,45.8,520.0,87.9,8.3,7.0,91,22.7,77,0.0,953.2,2.3,360,1,20,6,9,1,92.0,95.0,174.0,104.0,119.0,107.66666666666669,116.83333333333331,25.220189749772217,-1.0,-0.0108695652173913
2026-09-20 02:00:00,42.7,42.0,504.0,74.7,6.1,7.0,91,22.7,76,0.0,953.1,2.3,342,2,20,6,9,1,91.0,93.0,155.0,103.0,116.0,97.0,115.79166666666669,25.766474960383725,0.0,0.0
2026-09-20 03:00:00,39.6,38.8,525.0,64.8,4.5,4.0,92,22.6,74,0.0,953.1,1.5,346,3,20,6,9,1,91.0,92.0,120.0,103.0,113.0,92.33333333333331,114.91666666666669,26.218010183288865,1.0,0.0109890109890109
2026-09-20 04:00:00,36.7,35.9,594.0,56.1,3.5,0.0,92,22.0,76,0.0,953.6,2.7,28,4,20,6,9,1,92.0,91.0,95.0,136.0,110.0,91.83333333333331,114.16666666666669,26.61916058302651,0.0,0.0
2026-09-20 05:00:00,33.3,32.6,696.0,44.3,5.3,19.0,93,22.5,74,0.0,954.1,2.6,56,5,20,6,9,1,92.0,91.0,93.0,164.0,108.0,91.83333333333331,113.54166666666669,26.944353553310982,1.0,0.0108695652173913
2026-09-20 06:00:00,28.2,27.5,873.0,39.7,6.2,35.0,92,21.5,78,0.0,954.6,5.6,45,6,20,6,9,1,93.0,92.0,92.0,177.0,108.0,91.83333333333331,112.875,27.283236611517076,-1.0,-0.010752688172043
2026-09-20 07:00:00,27.0,26.5,1082.0,33.0,7.6,59.0,92,22.3,76,0.0,955.7,7.3,48,7,20,6,9,1,92.0,92.0,91.0,174.0,108.0,92.0,112.20833333333331,27.601164384176712,0.0,0.0
2026-09-20 08:00:00,23.0,22.3,1174.0,26.1,9.8,87.0,91,24.3,71,0.0,956.9,7.4,64,8,20,6,9,1,92.0,93.0,91.0,155.0,108.0,92.0,111.5,27.930036815617804,-1.0,-0.0108695652173913
2026-09-20 09:00:00,21.4,19.7,1043.0,18.8,13.9,122.0,91,26.6,62,0.0,957.8,7.9,74,9,20,6,9,1,91.0,92.0,92.0,120.0,108.0,91.83333333333331,110.79166666666669,28.23654611017274,0.0,0.0
2026-09-20 10:00:00,24.7,22.1,796.0,11.2,18.8,161.0,90,28.3,59,0.0,958.1,7.4,90,10,20,6,9,1,91.0,92.0,92.0,95.0,107.0,91.5,110.08333333333331,28.54731643013659,-1.0,-0.0109890109890109
2026-09-20 11:00:00,27.6,24.4,600.0,5.7,21.8,191.0,90,29.5,54,0.0,958.3,5.4,124,11,20,6,9,1,90.0,91.0,93.0,93.0,106.0,91.0,109.41666666666669,28.83222331783145,0.0,0.0
2026-09-20 12:00:00,27.8,24.4,510.0,3.1,21.2,206.0,91,30.4,51,0.0,957.9,3.1,140,12,20,6,9,1,90.0,91.0,92.0,92.0,105.0,90.83333333333331,108.83333333333331,29.066141465804737,1.0,0.011111111111111
2026-09-20 13:00:00,28.3,24.9,471.0,2.5,18.8,213.0,91,31.1,46,0.0,957.2,3.1,183,13,20,6,9,1,91.0,90.0,92.0,91.0,104.0,90.66666666666669,108.29166666666669,29.280471555164247,0.0,0.0
2026-09-20 14:00:00,28.8,25.2,488.0,4.4,16.7,211.0,95,31.4,44,0.0,956.3,4.4,215,14,20,6,9,1,91.0,90.0,91.0,91.0,103.0,91.33333333333331,107.95833333333331,29.388668574464873,4.0,0.043956043956044
2026-09-20 15:00:00,28.9,25.1,582.0,7.8,15.8,202.0,132,31.4,44,0.0,955.5,5.9,235,15,20,6,9,1,95.0,91.0,91.0,92.0,103.0,98.16666666666669,109.16666666666669,29.76964702609017,37.0,0.3894736842105264
2026-09-20 16:00:00,29.3,25.4,733.0,13.6,15.3,185.0,160,30.8,45,0.0,955.2,7.4,266,16,20,6,9,1,132.0,91.0,90.0,92.0,136.0,109.83333333333331,110.16666666666669,31.084270685637748,28.0,0.2121212121212121
2026-09-20 17:00:00,35.9,30.4,885.0,20.6,14.4,166.0,175,30.4,55,0.0,954.7,6.1,267,17,20,6,9,1,160.0,95.0,90.0,93.0,164.0,124.0,110.625,31.980717695946932,15.0,0.09375
2026-09-20 18:00:00,45.2,39.7,1060.0,46.0,14.8,128.0,182,28.0,62,0.0,954.5,6.0,307,18,20,6,9,1,175.0,132.0,91.0,92.0,177.0,139.16666666666666,110.83333333333331,32.44482495971728,7.0,0.04
2026-09-20 19:00:00,53.8,48.1,1236.0,80.7,15.4,75.0,177,26.8,62,0.0,954.0,8.1,321,19,20,6,9,1,182.0,160.0,91.0,92.0,174.0,153.5,110.95833333333331,32.7035155225896,-5.0,-0.0274725274725274
2026-09-20 20:00:00,61.0,54.8,1299.0,105.0,15.4,34.0,158,26.1,64,0.0,954.4,8.7,323,20,20,6,9,1,177.0,175.0,95.0,91.0,155.0,164.0,111.08333333333331,32.88440447949515,-19.0,-0.1073446327683615
2026-09-20 21:00:00,65.7,59.1,1163.0,109.6,14.6,17.0,125,25.2,70,0.0,954.5,8.5,331,21,20,6,9,1,158.0,182.0,132.0,91.0,120.0,162.83333333333334,111.29166666666669,32.95910399619368,-33.0,-0.2088607594936709
2026-09-20 22:00:00,70.3,64.0,912.0,103.7,13.3,12.0,98,24.3,75,0.0,954.3,7.5,330,22,20,6,9,1,125.0,177.0,160.0,90.0,95.0,152.5,111.41666666666669,32.90026650700432,-27.0,-0.2159999999999999
2026-09-20 23:00:00,71.2,65.9,688.0,95.7,11.7,9.0,100,24.9,72,0.0,954.1,9.1,326,23,20,6,9,1,98.0,158.0,175.0,90.0,93.0,140.0,111.70833333333331,32.76063274680513,2.0,0.0204081632653061
2026-09-21 00:00:00,65.7,61.2,527.0,87.3,9.6,7.0,102,24.3,73,0.0,953.9,6.7,329,0,21,0,9,0,100.0,125.0,182.0,91.0,92.0,126.66666666666669,112.125,32.56206448427812,2.0,0.02
2026-09-21 01:00:00,58.3,54.6,391.0,76.6,7.3,7.0,104,24.1,73,0.0,953.8,5.2,331,1,21,0,9,0,102.0,98.0,177.0,91.0,91.0,114.5,112.66666666666669,32.30246546878959,2.0,0.0196078431372548
2026-09-21 02:00:00,52.0,48.7,310.0,66.7,5.4,8.0,104,23.7,75,0.0,953.6,3.9,336,2,21,0,9,0,104.0,100.0,158.0,95.0,91.0,105.5,113.20833333333331,32.03120647752473,0.0,0.0
2026-09-21 03:00:00,46.9,43.8,285.0,57.6,4.2,7.0,105,23.2,77,0.0,953.4,2.4,351,3,21,0,9,0,104.0,102.0,125.0,132.0,92.0,102.16666666666669,113.75,31.765786900237945,1.0,0.0096153846153845
2026-09-21 04:00:00,42.3,39.5,315.0,49.2,3.4,7.0,106,22.9,77,0.0,953.8,1.0,22,4,21,0,9,0,105.0,104.0,98.0,160.0,92.0,103.5,114.33333333333331,31.476239025468555,1.0,0.0095238095238094
2026-09-21 05:00:00,35.9,34.3,424.0,48.4,3.7,6.0,106,23.4,75,0.0,954.1,1.0,45,5,21,0,9,0,106.0,104.0,100.0,175.0,93.0,104.5,114.875,31.20383546659145,0.0,0.0
2026-09-21 06:00:00,31.8,29.7,701.0,48.8,4.7,15.0,106,22.1,78,0.0,954.4,4.3,48,6,21,0,9,0,106.0,105.0,102.0,182.0,92.0,105.16666666666669,115.45833333333331,30.88686109668349,0.0,0.0
2026-09-21 07:00:00,32.0,29.8,1058.0,48.9,6.4,29.0,106,22.8,73,0.0,954.8,7.4,43,7,21,0,9,0,106.0,106.0,104.0,177.0,92.0,105.5,116.04166666666669,30.55498132969473,0.0,0.0
2026-09-21 08:00:00,34.0,31.4,1251.0,45.4,9.2,54.0,107,24.8,67,0.0,955.5,7.6,68,8,21,0,9,0,106.0,106.0,104.0,158.0,91.0,106.0,116.70833333333331,30.15680637956405,1.0,0.009433962264151
2026-09-21 09:00:00,34.0,29.4,1127.0,34.9,14.7,98.0,108,26.8,61,0.0,956.1,6.7,76,9,21,0,9,0,107.0,106.0,105.0,125.0,91.0,106.5,117.41666666666669,29.723240309440943,1.0,0.0093457943925232
2026-09-21 10:00:00,38.8,32.7,839.0,20.8,21.4,153.0,109,28.4,59,0.0,956.1,4.9,92,10,21,0,9,0,108.0,106.0,106.0,98.0,90.0,107.0,118.20833333333331,29.209854154209086,1.0,0.0092592592592593
2026-09-21 11:00:00,43.4,36.2,606.0,10.1,25.1,193.0,110,29.7,52,0.0,955.9,2.5,172,11,21,0,9,0,109.0,107.0,106.0,100.0,90.0,107.66666666666669,119.04166666666669,28.650030983619175,1.0,0.0091743119266054
2026-09-21 12:00:00,45.4,36.8,495.0,5.4,23.0,208.0,111,30.8,49,0.0,955.3,4.9,231,12,21,0,9,0,110.0,108.0,106.0,102.0,91.0,108.5,119.875,28.08420955068837,1.0,0.009090909090909
2026-09-21 13:00:00,46.0,36.8,438.0,4.2,17.9,208.0,112,31.4,47,0.0,954.2,6.8,273,13,21,0,9,0,111.0,109.0,106.0,104.0,91.0,109.5,120.75,27.4657889968122,1.0,0.0090090090090089
2026-09-21 14:00:00,45.6,36.3,452.0,5.8,13.7,201.0,114,31.6,47,0.0,953.2,8.0,284,14,21,0,9,0,112.0,110.0,107.0,104.0,95.0,110.66666666666669,121.54166666666669,26.960485040577566,2.0,0.0178571428571427
2026-09-21 15:00:00,45.5,36.0,551.0,8.3,11.7,189.0,115,31.5,47,0.0,952.4,8.0,288,15,21,0,9,0,114.0,111.0,108.0,105.0,132.0,111.83333333333331,120.83333333333331,26.89701238729569,1.0,0.0087719298245614
2026-09-21 16:00:00,44.1,34.8,720.0,13.7,10.6,171.0,144,31.1,48,0.0,951.6,8.3,281,16,21,0,9,0,115.0,112.0,109.0,106.0,160.0,117.66666666666669,120.16666666666669,26.069583587119617,29.0,0.2521739130434783
2026-09-21 17:00:00,38.5,31.4,928.0,28.5,10.1,138.0,164,30.5,54,0.0,951.3,7.4,263,17,21,0,9,0,144.0,114.0,110.0,106.0,175.0,126.66666666666669,119.70833333333331,25.143897464596947,20.0,0.1388888888888888
2026-09-21 18:00:00,49.0,41.6,1238.0,55.9,11.2,100.0,170,28.4,66,0.0,951.2,3.2,289,18,21,0,9,0,164.0,115.0,111.0,106.0,182.0,136.5,119.20833333333331,23.941920969507965,6.0,0.0365853658536585
2026-09-21 19:00:00,58.9,51.1,1586.0,93.3,12.7,47.0,162,27.1,70,0.0,950.9,2.7,356,19,21,0,9,0,170.0,144.0,112.0,106.0,177.0,144.83333333333334,118.58333333333331,22.521326446893777,-8.0,-0.0470588235294118
2026-09-21 20:00:00,67.3,59.1,1749.0,118.5,13.7,8.0,135,25.9,76,0.0,950.9,3.8,3,20,21,0,9,0,162.0,164.0,114.0,107.0,158.0,148.33333333333334,117.625,21.223064770689724,-27.0,-0.1666666666666666
2026-09-21 21:00:00,71.7,63.3,1574.0,120.4,13.9,0.0,118,24.9,79,0.0,951.0,4.3,343,21,21,0,9,0,135.0,170.0,115.0,108.0,125.0,148.83333333333334,117.33333333333331,21.165325759193397,-17.0,-0.1259259259259258
2026-09-21 22:00:00,75.0,66.8,1212.0,110.2,13.7,2.0,118,24.6,77,0.0,951.0,4.2,320,22,21,0,9,0,118.0,162.0,144.0,109.0,98.0,144.5,118.16666666666669,20.76088853478204,0.0,0.0
2026-09-21 23:00:00,76.8,69.8,900.0,98.4,12.7,6.0,119,25.8,68,0.0,951.1,5.5,311,23,21,0,9,0,118.0,135.0,164.0,110.0,100.0,137.0,118.95833333333331,20.39709946699989,1.0,0.0084745762711864
2026-09-22 00:00:00,72.4,67.1,715.0,87.7,10.6,6.0,119,24.8,70,0.0,951.2,3.2,344,0,22,1,9,0,119.0,118.0,170.0,111.0,102.0,128.5,119.66666666666669,20.075220864380125,0.0,0.0
2026-09-22 01:00:00,65.7,61.7,578.0,75.6,7.7,6.0,120,24.0,73,0.0,950.9,2.7,352,1,22,1,9,0,119.0,118.0,162.0,112.0,104.0,121.5,120.33333333333331,19.796061678299395,1.0,0.0084033613445377
2026-09-22 02:00:00,59.5,56.1,488.0,65.1,5.5,6.0,120,23.9,73,0.0,950.9,1.3,360,2,22,1,9,0,120.0,119.0,135.0,114.0,104.0,119.0,121.0,19.489127403671528,0.0,0.0
2026-09-22 03:00:00,53.8,50.8,410.0,56.9,4.2,5.0,121,23.2,74,0.0,950.7,3.2,19,3,22,1,9,0,120.0,119.0,118.0,115.0,105.0,119.5,121.66666666666669,19.189369037516297,1.0,0.0083333333333333
2026-09-22 04:00:00,48.8,46.0,378.0,50.4,3.5,3.0,122,23.0,74,0.0,950.7,3.5,15,4,22,1,9,0,121.0,120.0,118.0,144.0,106.0,120.16666666666669,122.33333333333331,18.897128069507808,1.0,0.0082644628099173
2026-09-22 05:00:00,49.6,46.8,496.0,47.8,4.0,3.0,123,24.3,68,0.0,951.2,0.4,360,5,22,1,9,0,122.0,120.0,119.0,164.0,106.0,120.83333333333331,123.04166666666669,18.574126854466513,1.0,0.0081967213114753
2026-09-22 06:00:00,44.2,41.2,939.0,50.0,5.6,14.0,124,23.2,71,0.0,951.5,3.1,45,6,22,1,9,0,123.0,121.0,119.0,170.0,106.0,121.66666666666669,123.79166666666669,18.216044448846052,1.0,0.0081300813008129
2026-09-22 07:00:00,45.4,42.6,1531.0,52.5,8.1,30.0,125,23.6,69,0.0,952.1,5.6,48,7,22,1,9,0,124.0,122.0,120.0,162.0,106.0,122.5,124.58333333333331,17.817716309694944,1.0,0.0080645161290322
2026-09-22 08:00:00,43.1,38.6,1845.0,50.8,11.3,54.0,126,25.3,65,0.0,953.0,6.8,68,8,22,1,9,0,125.0,123.0,120.0,135.0,107.0,123.5,125.375,17.420159486117054,1.0,0.008
2026-09-22 09:00:00,45.4,37.6,1610.0,40.9,16.4,92.0,127,27.5,57,0.0,953.8,6.5,82,9,22,1,9,0,126.0,124.0,121.0,118.0,108.0,124.5,126.16666666666669,17.023428016979704,1.0,0.0079365079365079
2026-09-22 10:00:00,49.1,38.9,1096.0,26.8,22.2,137.0,128,29.0,57,0.0,953.9,5.3,102,10,22,1,9,0,127.0,125.0,122.0,118.0,109.0,125.5,126.95833333333331,16.62758098086958,1.0,0.0078740157480314
2026-09-22 11:00:00,51.3,39.8,686.0,15.5,25.2,173.0,129,30.3,54,0.0,953.8,3.9,143,11,22,1,9,0,128.0,126.0,123.0,119.0,110.0,126.5,127.75,16.232683080748323,1.0,0.0078125
2026-09-22 12:00:00,51.3,38.9,496.0,9.3,22.9,193.0,129,31.2,50,0.0,953.4,1.9,214,12,22,1,9,0,129.0,127.0,124.0,119.0,111.0,127.33333333333331,128.5,15.836117222844257,0.0,0.0
2026-09-22 13:00:00,48.8,36.7,410.0,5.9,17.8,204.0,129,31.7,47,0.1,952.7,3.1,220,13,22,1,9,0,129.0,128.0,125.0,120.0,112.0,128.0,129.20833333333334,15.441274915449968,0.0,0.0
2026-09-22 14:00:00,47.3,35.3,458.0,6.3,13.7,204.0,129,32.1,43,0.1,951.8,2.4,279,14,22,1,9,0,129.0,129.0,126.0,120.0,114.0,128.5,129.83333333333334,15.098709033979189,0.0,0.0
2026-09-22 15:00:00,45.6,33.8,683.0,9.2,12.0,192.0,129,31.5,42,0.2,951.2,5.2,295,15,22,1,9,0,129.0,129.0,127.0,121.0,115.0,128.83333333333334,130.41666666666666,14.767522139646116,0.0,0.0
2026-09-22 16:00:00,44.1,32.0,1041.0,15.9,11.4,170.0,132,31.3,42,0.1,950.4,3.7,281,16,22,1,9,0,129.0,129.0,128.0,122.0,144.0,129.5,129.91666666666666,14.488126072803906,3.0,0.0232558139534884
2026-09-22 17:00:00,51.6,37.3,1433.0,36.9,10.2,117.0,155,30.8,54,0.0,949.8,5.5,17,17,22,1,9,0,132.0,129.0,129.0,123.0,164.0,133.83333333333334,129.54166666666666,13.660413026624868,23.0,0.1742424242424243
2026-09-22 18:00:00,64.3,50.3,1959.0,62.2,12.0,85.0,159,28.5,66,0.0,949.6,4.5,29,18,22,1,9,0,155.0,129.0,129.0,124.0,170.0,138.83333333333334,129.08333333333334,12.36726628492856,4.0,0.0258064516129032
2026-09-22 19:00:00,77.3,62.9,2518.0,96.9,14.4,41.0,151,27.0,73,0.0,949.4,4.3,24,19,22,1,9,0,159.0,132.0,129.0,125.0,162.0,142.5,128.625,11.247463482164362,-8.0,-0.050314465408805
2026-09-22 20:00:00,81.5,66.4,2713.0,121.4,16.2,9.0,131,25.9,78,0.0,949.3,4.5,7,20,22,1,9,0,151.0,155.0,129.0,126.0,135.0,142.83333333333334,128.45833333333334,11.178314280111284,-20.0,-0.1324503311258278
2026-09-22 21:00:00,82.9,67.3,2229.0,127.0,16.9,0.0,132,25.0,82,0.0,949.1,5.2,358,21,22,1,9,0,131.0,159.0,129.0,127.0,118.0,143.33333333333334,129.04166666666666,10.9722145783627,1.0,0.0076335877862594
2026-09-22 22:00:00,86.4,70.8,1380.0,122.3,17.0,2.0,133,24.5,82,0.0,949.1,3.4,335,22,22,1,9,0,132.0,151.0,132.0,128.0,118.0,143.5,129.66666666666666,10.74068521280607,1.0,0.0075757575757575
2026-09-22 23:00:00,90.6,75.9,711.0,114.0,16.0,5.0,133,25.8,74,0.0,949.0,1.8,323,23,22,1,9,0,133.0,131.0,155.0,129.0,119.0,139.83333333333334,130.25,10.513965867401335,0.0,0.0
2026-09-23 00:00:00,88.7,76.4,442.0,102.6,13.4,5.0,134,25.6,70,0.0,949.1,0.4,333,0,23,2,9,0,133.0,132.0,159.0,129.0,119.0,135.66666666666666,130.875,10.258877385825484,1.0,0.0075187969924812
2026-09-23 01:00:00,82.2,72.2,353.0,87.5,9.8,5.0,135,24.9,70,0.0,948.9,1.3,344,1,23,2,9,0,134.0,133.0,151.0,129.0,120.0,133.0,131.5,10.021715552174951,1.0,0.007462686567164
2026-09-23 02:00:00,75.9,67.5,321.0,73.9,6.8,5.0,136,24.4,71,0.0,948.3,2.1,340,2,23,2,9,0,135.0,133.0,131.0,129.0,120.0,133.83333333333334,132.16666666666666,9.751997194183938,1.0,0.0074074074074073
2026-09-23 03:00:00,70.1,62.6,297.0,62.8,4.9,4.0,137,24.2,72,0.0,948.5,1.2,333,3,23,2,9,0,136.0,134.0,132.0,129.0,121.0,134.66666666666666,132.83333333333334,9.49904648151484,1.0,0.0073529411764705
2026-09-23 04:00:00,63.3,57.3,330.0,53.3,3.8,4.0,138,23.9,73,0.0,948.4,0.5,360,4,23,2,9,0,137.0,135.0,133.0,132.0,122.0,135.5,133.5,9.264236987282304,1.0,0.0072992700729928
2026-09-23 05:00:00,59.8,55.2,448.0,53.7,4.5,4.0,139,24.0,79,0.0,948.9,1.8,84,5,23,2,9,0,138.0,136.0,133.0,155.0,123.0,136.5,134.16666666666666,9.048981046008528,1.0,0.0072463768115942
2026-09-23 06:00:00,53.4,49.9,747.0,56.9,5.7,4.0,140,22.8,81,0.0,949.5,5.4,50,6,23,2,9,0,139.0,137.0,134.0,159.0,124.0,137.5,134.83333333333334,8.854704800356457,1.0,0.0071942446043165
2026-09-23 07:00:00,52.3,49.2,1130.0,60.5,7.4,5.0,141,23.2,77,0.0,950.3,7.3,46,7,23,2,9,0,140.0,138.0,135.0,151.0,125.0,138.5,135.5,8.682816613739561,1.0,0.0071428571428571
2026-09-23 08:00:00,51.8,47.8,1335.0,58.5,9.9,21.0,142,25.1,69,0.0,951.3,6.8,68,8,23,2,9,0,141.0,139.0,136.0,131.0,126.0,139.5,136.16666666666666,8.534669279482937,1.0,0.0070921985815601
2026-09-23 09:00:00,50.6,40.6,1184.0,45.2,13.9,65.0,143,27.3,58,0.0,952.2,6.9,67,9,23,2,9,0,142.0,140.0,137.0,132.0,127.0,140.5,136.83333333333334,8.411517294068288,1.0,0.0070422535211267
2026-09-23 10:00:00,48.8,38.1,855.0,26.2,18.7,124.0,143,29.1,56,0.0,952.5,7.2,86,10,23,2,9,0,143.0,141.0,138.0,133.0,128.0,141.33333333333334,137.45833333333334,8.282927263834589,0.0,0.0
2026-09-23 11:00:00,46.1,35.7,616.0,11.8,21.4,169.0,143,30.6,54,0.0,952.4,7.6,115,11,23,2,9,0,143.0,142.0,139.0,133.0,129.0,142.0,138.04166666666666,8.153309099706998,0.0,0.0
2026-09-23 12:00:00,43.7,32.8,550.0,6.2,20.4,189.0,143,31.0,52,0.0,952.1,6.0,143,12,23,2,9,0,143.0,143.0,140.0,134.0,129.0,142.5,138.625,7.977209384566717,0.0,0.0
2026-09-23 13:00:00,43.2,32.5,573.0,5.2,17.4,195.0,142,30.7,43,0.0,951.7,4.3,118,13,23,2,9,0,143.0,143.0,141.0,135.0,129.0,142.66666666666666,139.16666666666666,7.732858556140584,-1.0,-0.0069930069930069
2026-09-23 14:00:00,41.9,31.8,706.0,6.6,15.0,194.0,141,30.7,45,0.1,951.0,1.9,197,14,23,2,9,0,142.0,143.0,142.0,136.0,129.0,142.5,139.66666666666666,7.42888994380063,-1.0,-0.0070422535211267
2026-09-23 15:00:00,41.2,31.4,960.0,7.9,14.2,190.0,141,30.7,45,0.0,950.5,3.6,183,15,23,2,9,0,141.0,143.0,143.0,137.0,129.0,142.16666666666666,140.16666666666666,7.075165794134639,0.0,0.0
2026-09-23 16:00:00,41.1,31.1,1322.0,11.7,14.0,179.0,141,30.5,45,0.0,949.9,1.9,248,16,23,2,9,0,141.0,142.0,143.0,138.0,132.0,141.83333333333334,140.54166666666666,6.858692781184058,0.0,0.0
2026-09-23 17:00:00,48.4,37.0,1776.0,43.9,13.6,114.0,144,31.0,50,0.0,949.2,3.0,343,17,23,2,9,0,141.0,141.0,143.0,139.0,155.0,142.0,140.08333333333334,6.184951348911807,3.0,0.0212765957446807
2026-09-23 18:00:00,62.6,53.0,2519.0,68.4,14.6,80.0,153,28.3,65,0.0,948.8,1.3,360,18,23,2,9,0,144.0,141.0,143.0,140.0,159.0,143.66666666666666,139.83333333333334,5.466631318372857,9.0,0.0625
2026-09-23 19:00:00,73.8,63.3,3353.0,101.7,16.0,34.0,145,26.4,76,0.0,948.8,3.9,16,19,23,2,9,0,153.0,141.0,142.0,141.0,151.0,144.16666666666666,139.58333333333334,5.055489196358105,-8.0,-0.0522875816993464
2026-09-23 20:00:00,83.8,72.9,3669.0,122.5,16.4,0.0,141,25.2,78,0.0,949.2,3.9,13,20,23,2,9,0,145.0,144.0,141.0,142.0,131.0,144.16666666666666,140.0,4.718142596956738,-4.0,-0.0275862068965517
2026-09-23 21:00:00,89.4,79.6,3003.0,118.8,15.2,0.0,142,24.9,73,0.0,949.5,2.9,356,21,23,2,9,0,141.0,153.0,141.0,143.0,132.0,144.33333333333334,140.41666666666666,4.412597250231821,1.0,0.0070921985815601
2026-09-23 22:00:00,87.1,79.2,1819.0,102.5,13.0,0.0,143,24.9,70,0.0,949.3,2.0,355,22,23,2,9,0,142.0,145.0,141.0,143.0,133.0,144.66666666666666,140.83333333333334,4.14589022974569,1.0,0.0070422535211267
2026-09-23 23:00:00,82.0,75.4,895.0,88.5,11.0,2.0,144,26.1,69,0.0,949.4,1.0,202,23,23,2,9,0,143.0,141.0,144.0,143.0,133.0,144.66666666666666,141.29166666666666,3.8389215726006305,1.0,0.006993006993007
2026-09-24 00:00:00,73.6,67.5,560.0,82.6,9.4,3.0,144,24.9,72,0.0,949.2,2.6,12,0,24,3,9,0,144.0,142.0,153.0,143.0,134.0,143.16666666666666,141.70833333333334,3.5444894973888337,0.0,0.0
2026-09-24 01:00:00,63.8,58.2,486.0,78.9,7.9,4.0,143,24.5,72,0.0,948.8,2.9,353,1,24,3,9,0,144.0,143.0,145.0,142.0,135.0,142.83333333333334,142.04166666666666,3.2501393504124327,-1.0,-0.0069444444444444
2026-09-24 02:00:00,54.7,49.4,462.0,74.8,6.6,5.0,141,24.3,75,0.0,948.5,2.4,9,2,24,3,9,0,143.0,144.0,141.0,141.0,136.0,142.83333333333334,142.25,2.996374621031702,-2.0,-0.0139860139860139
2026-09-24 03:00:00,46.7,42.0,403.0,68.8,5.5,5.0,140,23.9,78,0.0,948.3,2.9,30,3,24,3,9,0,141.0,144.0,142.0,141.0,137.0,142.5,142.375,2.825543425992852,-1.0,-0.0070921985815602
2026-09-24 04:00:00,39.8,35.9,394.0,62.4,4.7,5.0,137,23.6,76,0.0,948.6,2.7,23,4,24,3,9,0,140.0,143.0,143.0,141.0,138.0,141.5,142.33333333333334,2.8992752717613475,-3.0,-0.0214285714285714
2026-09-24 05:00:00,34.0,31.8,484.0,50.1,4.2,8.0,135,23.6,80,0.0,948.7,1.7,41,5,24,3,9,0,137.0,141.0,144.0,144.0,139.0,140.0,142.16666666666666,3.198731632689554,-2.0,-0.0145985401459853
2026-09-24 06:00:00,28.6,25.8,781.0,46.9,4.9,20.0,133,23.0,81,0.0,948.8,7.2,19,6,24,3,9,0,135.0,140.0,144.0,153.0,140.0,138.16666666666666,141.875,3.686786039946711,-2.0,-0.0148148148148148
2026-09-24 07:00:00,27.8,23.7,1176.0,42.2,6.1,37.0,130,23.9,79,0.0,949.6,2.1,70,7,24,3,9,0,133.0,137.0,143.0,145.0,141.0,136.0,141.41666666666666,4.4125972502316975,-3.0,-0.0225563909774436
2026-09-24 08:00:00,26.6,23.1,1392.0,36.2,7.6,58.0,128,23.6,79,0.0,951.5,9.1,108,8,24,3,9,0,130.0,135.0,141.0,141.0,142.0,133.83333333333334,140.83333333333334,5.189174908584553,-2.0,-0.0153846153846153
2026-09-24 09:00:00,26.0,20.6,1251.0,27.7,9.7,85.0,125,25.4,66,0.0,952.6,7.9,66,9,24,3,9,0,128.0,133.0,140.0,142.0,143.0,131.33333333333334,140.08333333333334,6.085740044075032,-3.0,-0.0234375
2026-09-24 10:00:00,28.0,21.7,931.0,17.9,12.2,116.0,123,25.5,67,0.3,952.8,9.4,137,10,24,3,9,0,125.0,130.0,137.0,143.0,143.0,129.0,139.25,6.973552522395607,-2.0,-0.016
2026-09-24 11:00:00,33.1,24.3,681.0,11.0,14.6,141.0,121,28.7,59,0.0,952.9,14.9,113,11,24,3,9,0,123.0,128.0,135.0,144.0,143.0,126.66666666666669,138.33333333333334,7.850043847380706,-2.0,-0.0162601626016259
2026-09-24 12:00:00,36.4,26.6,590.0,9.0,17.0,155.0,120,29.4,58,0.0,952.1,12.8,118,12,24,3,9,0,121.0,125.0,133.0,144.0,143.0,124.5,137.375,8.62157304319428,-1.0,-0.0082644628099173
2026-09-24 13:00:00,37.1,28.7,569.0,9.9,19.4,162.0,119,29.4,58,0.0,951.8,5.4,110,13,24,3,9,0,120.0,123.0,130.0,143.0,142.0,122.66666666666669,136.41666666666666,9.333980308839427,-1.0,-0.0083333333333333
2026-09-24 14:00:00,39.2,31.2,605.0,12.1,21.2,166.0,119,29.3,55,0.3,951.1,6.1,135,14,24,3,9,0,119.0,121.0,128.0,141.0,141.0,121.16666666666669,135.5,9.925811761787598,0.0,0.0
2026-09-24 15:00:00,41.7,33.1,693.0,12.0,22.3,171.0,119,29.2,57,0.0,950.3,4.8,75,15,24,3,9,0,119.0,120.0,125.0,140.0,141.0,120.16666666666669,134.58333333333334,10.400320507882151,0.0,0.0
2026-09-24 16:00:00,42.3,33.9,838.0,13.1,22.8,172.0,119,28.7,58,0.0,949.6,6.2,38,16,24,3,9,0,119.0,119.0,123.0,137.0,141.0,119.5,133.66666666666666,10.773020514902091,0.0,0.0
2026-09-24 17:00:00,66.8,52.6,1043.0,31.5,19.2,140.0,119,28.5,65,0.0,948.7,8.3,30,17,24,3,9,0,119.0,119.0,121.0,135.0,144.0,119.16666666666669,132.625,10.937818318349748,0.0,0.0
2026-09-24 18:00:00,80.8,66.6,1390.0,62.6,20.3,100.0,127,26.8,68,0.0,948.7,9.8,60,18,24,3,9,0,119.0,119.0,120.0,133.0,153.0,120.33333333333331,131.54166666666666,10.086491899594776,8.0,0.0672268907563025
2026-09-24 19:00:00,95.2,81.3,1796.0,104.8,21.8,46.0,123,25.9,66,0.0,948.7,7.7,60,19,24,3,9,0,127.0,119.0,119.0,130.0,145.0,121.0,130.625,9.805998607773953,-4.0,-0.031496062992126
2026-09-24 20:00:00,102.9,89.4,2021.0,132.3,22.0,6.0,124,24.9,69,0.0,948.9,6.6,53,20,24,3,9,0,123.0,119.0,119.0,128.0,141.0,121.83333333333331,129.91666666666666,9.636509681445514,1.0,0.0081300813008129
2026-09-24 21:00:00,105.9,93.1,1927.0,131.1,20.1,0.0,126,23.8,75,0.0,949.0,2.7,37,21,24,3,9,0,124.0,127.0,119.0,125.0,142.0,123.0,129.25,9.312217314064467,2.0,0.0161290322580645
2026-09-24 22:00:00,105.9,94.5,1651.0,115.2,17.1,0.0,127,23.9,74,0.0,949.1,0.8,333,22,24,3,9,0,126.0,123.0,119.0,123.0,143.0,124.33333333333331,128.58333333333334,8.846107798824344,1.0,0.0079365079365079
2026-09-24 23:00:00,96.9,88.0,1360.0,100.2,14.1,2.0,129,24.1,74,0.0,949.3,3.8,287,23,24,3,9,0,127.0,124.0,119.0,121.0,144.0,126.0,127.95833333333331,8.217051024318135,2.0,0.0157480314960629
2026-09-25 00:00:00,82.4,75.7,1081.0,91.6,11.5,2.0,130,24.1,73,0.0,949.0,3.5,321,0,25,4,9,0,129.0,126.0,127.0,120.0,144.0,126.5,127.375,7.493838048401414,1.0,0.0077519379844961
2026-09-25 01:00:00,71.0,65.2,786.0,83.9,8.9,3.0,131,23.9,73,0.0,948.7,3.6,327,1,25,4,9,0,130.0,127.0,123.0,119.0,143.0,127.83333333333331,126.875,6.771503590014728,1.0,0.0076923076923076
2026-09-25 02:00:00,62.9,57.4,564.0,77.1,6.9,4.0,132,23.6,74,0.0,948.5,3.1,310,2,25,4,9,0,131.0,129.0,124.0,119.0,141.0,129.16666666666666,126.5,6.178504110502463,1.0,0.0076335877862594
2026-09-25 03:00:00,55.3,50.6,437.0,71.0,5.7,4.0,133,23.6,73,0.0,948.5,1.9,331,3,25,4,9,0,132.0,130.0,126.0,119.0,140.0,130.33333333333334,126.20833333333331,5.656694123409451,1.0,0.0075757575757575
2026-09-25 04:00:00,48.0,43.5,383.0,65.6,5.0,4.0,134,23.4,73,0.0,948.5,1.6,360,4,25,4,9,0,133.0,131.0,127.0,119.0,137.0,131.5,126.08333333333331,5.436724290830907,1.0,0.0075187969924812
2026-09-25 05:00:00,39.5,34.8,418.0,50.9,4.1,14.0,134,22.2,78,0.0,948.3,14.7,285,5,25,4,9,0,134.0,132.0,129.0,119.0,135.0,132.33333333333334,126.04166666666669,5.368824392950189,0.0,0.0
2026-09-25 06:00:00,37.6,32.6,619.0,51.0,4.5,17.0,135,20.9,85,0.4,949.2,20.3,343,6,25,4,9,0,134.0,133.0,130.0,127.0,133.0,133.16666666666666,126.125,5.4955515607207035,1.0,0.007462686567164
2026-09-25 07:00:00,39.0,34.5,910.0,50.7,5.1,22.0,135,20.1,91,2.7,950.3,16.0,75,7,25,4,9,0,135.0,134.0,131.0,123.0,130.0,133.83333333333334,126.33333333333331,5.738252018855728,0.0,0.0
2026-09-25 08:00:00,40.6,35.3,1080.0,46.7,7.0,38.0,137,21.5,83,0.2,950.5,4.7,86,8,25,4,9,0,135.0,134.0,132.0,124.0,128.0,134.66666666666666,126.70833333333331,6.132445194046854,2.0,0.0148148148148148
2026-09-25 09:00:00,43.0,32.4,1006.0,35.5,11.4,73.0,138,23.0,77,0.0,951.5,5.4,111,9,25,4,9,0,137.0,135.0,133.0,126.0,125.0,135.5,127.25,6.535854290325369,1.0,0.0072992700729928
2026-09-25 10:00:00,45.4,33.4,811.0,20.7,17.1,119.0,139,25.4,68,0.0,951.9,1.4,113,10,25,4,9,0,138.0,135.0,134.0,127.0,123.0,136.33333333333334,127.91666666666669,6.889921225440067,1.0,0.0072463768115942
2026-09-25 11:00:00,43.4,31.7,656.0,9.6,20.6,156.0,140,27.1,62,0.0,951.5,2.8,220,11,25,4,9,0,139.0,137.0,134.0,129.0,121.0,137.33333333333334,128.70833333333334,7.147387279807303,1.0,0.0071942446043165
2026-09-25 12:00:00,41.8,31.0,571.0,4.6,20.1,177.0,141,28.6,56,0.0,950.8,5.7,252,12,25,4,9,0,140.0,138.0,135.0,130.0,120.0,138.33333333333334,129.58333333333334,7.318331163216567,1.0,0.0071428571428571
2026-09-25 13:00:00,39.8,30.4,525.0,3.4,17.4,188.0,142,29.7,52,0.0,949.9,7.9,270,13,25,4,9,0,141.0,139.0,135.0,131.0,119.0,139.5,130.54166666666666,7.377870357664579,1.0,0.0070921985815601
2026-09-25 14:00:00,39.3,30.6,584.0,6.2,15.3,190.0,142,30.1,46,0.0,948.9,8.0,288,14,25,4,9,0,142.0,140.0,137.0,132.0,119.0,140.33333333333334,131.5,7.306935359494973,0.0,0.0
2026-09-25 15:00:00,39.5,31.2,777.0,12.0,14.5,183.0,142,30.1,44,0.0,948.3,6.3,290,15,25,4,9,0,142.0,141.0,138.0,133.0,119.0,141.0,132.45833333333334,7.1016174928324265,0.0,0.0
2026-09-25 16:00:00,40.3,32.0,1074.0,21.8,14.3,166.0,141,29.6,46,0.0,947.7,6.2,282,16,25,4,9,0,142.0,142.0,139.0,134.0,119.0,141.33333333333334,133.375,6.697257712644403,-1.0,-0.0070422535211267
2026-09-25 17:00:00,21.1,19.8,1450.0,24.4,10.7,148.0,141,29.3,43,0.0,947.0,9.1,288,17,25,4,9,0,141.0,142.0,140.0,134.0,119.0,141.5,134.29166666666666,6.125351217378524,0.0,0.0
2026-09-25 18:00:00,29.8,28.5,2053.0,53.7,11.6,107.0,149,27.2,48,0.0,947.0,8.0,308,18,25,4,9,0,141.0,142.0,141.0,135.0,127.0,142.83333333333334,135.20833333333334,6.613419602640328,8.0,0.0567375886524823
2026-09-25 19:00:00,38.6,37.4,2735.0,93.9,12.9,51.0,146,25.7,52,0.0,946.9,8.4,323,19,25,4,9,0,149.0,141.0,142.0,135.0,123.0,143.5,136.16666666666666,6.431354355078427,-3.0,-0.0201342281879194
2026-09-25 20:00:00,46.6,45.3,3030.0,121.6,13.8,10.0,129,24.3,61,0.0,947.1,7.9,330,20,25,4,9,0,146.0,141.0,142.0,137.0,124.0,141.33333333333334,136.375,6.092136770853795,-17.0,-0.1164383561643835
2026-09-25 21:00:00,52.7,51.1,2608.0,126.0,14.4,0.0,125,23.2,69,0.0,947.0,6.6,325,21,25,4,9,0,129.0,149.0,142.0,138.0,126.0,138.5,136.33333333333334,6.169114281199458,-4.0,-0.0310077519379845
2026-09-25 22:00:00,59.1,57.3,1799.0,118.0,14.7,1.0,120,22.7,71,0.0,947.1,6.3,325,22,25,4,9,0,125.0,146.0,141.0,139.0,127.0,135.0,136.04166666666666,6.766150833483983,-5.0,-0.04
2026-09-25 23:00:00,66.6,64.3,1130.0,107.4,14.1,4.0,116,23.1,69,0.0,947.3,6.9,319,23,25,4,9,0,120.0,129.0,141.0,140.0,129.0,130.83333333333334,135.5,7.796320202227428,-4.0,-0.0333333333333333
2026-09-26 00:00:00,67.5,65.2,806.0,95.8,11.8,4.0,114,22.6,70,0.0,947.2,5.1,328,0,26,5,9,1,116.0,125.0,149.0,141.0,130.0,125.0,134.83333333333334,8.893899553928549,-2.0,-0.0172413793103448
2026-09-26 01:00:00,62.6,60.3,622.0,81.6,8.5,4.0,113,22.0,72,0.0,947.0,3.4,328,1,26,5,9,1,114.0,120.0,146.0,142.0,131.0,119.5,134.08333333333334,9.929826245980909,-1.0,-0.0087719298245614
2026-09-26 02:00:00,55.8,53.7,493.0,69.8,5.9,4.0,112,21.7,73,0.0,946.9,2.2,336,2,26,5,9,1,113.0,116.0,129.0,142.0,132.0,116.66666666666669,133.25,10.903728919403491,-1.0,-0.0088495575221239
2026-09-26 03:00:00,49.1,47.0,342.0,62.0,4.6,4.0,112,21.7,72,0.0,946.8,1.0,315,3,26,5,9,1,112.0,114.0,125.0,142.0,133.0,114.5,132.375,11.735536889591694,0.0,0.0
2026-09-26 04:00:00,43.7,41.4,246.0,56.6,4.0,3.0,112,21.1,73,0.0,946.6,1.9,287,4,26,5,9,1,112.0,113.0,120.0,141.0,134.0,113.16666666666669,131.45833333333334,12.441093083063937,0.0,0.0
2026-09-26 05:00:00,52.2,50.2,352.0,47.6,4.2,4.0,111,22.0,70,0.0,946.7,2.6,344,5,26,5,9,1,112.0,112.0,116.0,141.0,134.0,112.33333333333331,130.5,13.104927715740963,-1.0,-0.0089285714285713
2026-09-26 06:00:00,48.9,46.9,900.0,51.7,5.6,6.0,113,20.9,75,0.0,946.7,3.1,31,6,26,5,9,1,111.0,112.0,114.0,149.0,135.0,112.16666666666669,129.58333333333334,13.538725990627386,2.0,0.018018018018018
2026-09-26 07:00:00,47.4,45.8,1649.0,56.8,7.6,10.0,114,22.1,74,0.0,947.0,2.0,5,7,26,5,9,1,113.0,112.0,113.0,146.0,135.0,112.33333333333331,128.70833333333334,13.848494398362025,1.0,0.0088495575221239
2026-09-26 08:00:00,44.0,41.3,2026.0,55.8,9.6,27.0,116,24.6,66,0.0,947.8,2.7,238,8,26,5,9,1,114.0,111.0,112.0,129.0,137.0,113.0,127.83333333333331,13.9647589579498,2.0,0.0175438596491228
2026-09-26 09:00:00,38.0,31.7,1650.0,43.0,11.7,70.0,116,26.8,57,0.0,948.3,4.0,243,9,26,5,9,1,116.0,113.0,112.0,125.0,138.0,113.66666666666669,126.91666666666669,13.990421153703274,0.0,0.0
2026-09-26 10:00:00,37.8,30.2,901.0,24.2,13.8,125.0,116,28.8,51,0.0,948.2,6.1,270,10,26,5,9,1,116.0,114.0,112.0,120.0,139.0,114.33333333333331,125.95833333333331,13.914269080982626,0.0,0.0
2026-09-26 11:00:00,35.6,27.9,351.0,10.0,14.7,167.0,116,30.3,42,0.0,947.9,10.3,293,11,26,5,9,1,116.0,116.0,111.0,116.0,140.0,115.16666666666669,124.95833333333331,13.72233712717711,0.0,0.0
2026-09-26 12:00:00,32.6,25.7,241.0,4.4,13.5,184.0,115,30.8,39,0.0,947.4,11.4,288,12,26,5,9,1,116.0,116.0,113.0,114.0,141.0,115.5,123.875,13.423899841571457,-1.0,-0.0086206896551723
2026-09-26 13:00:00,31.0,24.5,329.0,3.4,11.1,188.0,115,31.2,37,0.0,946.7,12.4,289,13,26,5,9,1,115.0,116.0,114.0,113.0,142.0,115.66666666666669,122.75,12.962319974852358,0.0,0.0
2026-09-26 14:00:00,32.5,25.3,459.0,5.6,9.3,184.0,114,31.2,36,0.0,945.9,13.0,294,14,26,5,9,1,115.0,116.0,116.0,112.0,142.0,115.33333333333331,121.58333333333331,12.402372377079036,-1.0,-0.0086956521739129
2026-09-26 15:00:00,29.7,23.7,574.0,9.3,8.8,175.0,114,31.0,36,0.0,945.2,12.3,297,15,26,5,9,1,114.0,115.0,116.0,112.0,142.0,115.0,120.41666666666669,11.695099927698983,0.0,0.0
2026-09-26 16:00:00,29.5,23.7,732.0,16.2,8.9,158.0,113,30.3,39,0.0,944.9,10.0,293,16,26,5,9,1,114.0,115.0,116.0,112.0,141.0,114.5,119.25,10.923648060814996,-1.0,-0.0087719298245614
2026-09-26 17:00:00,22.8,20.4,947.0,36.0,9.5,128.0,133,29.3,47,0.0,944.9,6.6,296,17,26,5,9,1,113.0,114.0,116.0,111.0,141.0,117.33333333333331,118.91666666666669,10.337423220542222,20.0,0.1769911504424779
2026-09-26 18:00:00,33.2,30.9,1319.0,64.2,10.8,93.0,145,26.8,56,0.0,944.5,4.9,306,18,26,5,9,1,133.0,114.0,115.0,113.0,149.0,122.33333333333331,118.75,9.852168156874422,12.0,0.0902255639097744
2026-09-26 19:00:00,42.0,39.7,1749.0,102.8,12.5,44.0,138,25.4,61,0.0,944.5,6.8,318,19,26,5,9,1,145.0,113.0,115.0,114.0,146.0,126.16666666666669,118.41666666666669,8.987511464185562,-7.0,-0.0482758620689655
2026-09-26 20:00:00,48.7,46.2,1954.0,128.5,13.5,9.0,113,24.3,65,0.0,944.8,6.6,334,20,26,5,9,1,138.0,133.0,114.0,116.0,129.0,126.0,117.75,8.758846459687195,-25.0,-0.1811594202898551
2026-09-26 21:00:00,53.9,51.1,1747.0,129.8,13.4,0.0,113,23.1,72,0.0,945.1,5.6,345,21,26,5,9,1,113.0,145.0,114.0,116.0,125.0,125.83333333333331,117.25,8.669035350779872,0.0,0.0
2026-09-26 22:00:00,61.0,57.6,1315.0,118.3,12.5,2.0,113,22.5,76,0.0,945.4,4.7,7,22,26,5,9,1,113.0,138.0,113.0,116.0,120.0,125.83333333333331,116.95833333333331,8.690220223691679,0.0,0.0
2026-09-26 23:00:00,63.6,60.3,931.0,105.8,11.3,6.0,113,23.3,68,0.0,945.5,2.3,342,23,26,5,9,1,113.0,113.0,133.0,116.0,116.0,122.5,116.83333333333331,8.726106092425187,0.0,0.0
2026-09-27 00:00:00,59.8,56.9,680.0,95.5,9.5,6.0,112,22.1,70,0.0,945.6,4.8,34,0,27,6,9,1,113.0,113.0,145.0,115.0,114.0,117.0,116.75,8.763808979326006,-1.0,-0.0088495575221239
2026-09-27 01:00:00,54.5,51.7,477.0,84.3,7.2,6.0,112,21.5,70,0.0,945.3,5.9,35,1,27,6,9,1,112.0,113.0,138.0,115.0,113.0,112.66666666666669,116.70833333333331,8.784765304167413,0.0,0.0
2026-09-27 02:00:00,50.2,47.5,345.0,74.1,5.4,6.0,111,21.0,70,0.0,945.2,5.7,37,2,27,6,9,1,112.0,113.0,113.0,114.0,112.0,112.33333333333331,116.66666666666669,8.81040228399506,-1.0,-0.0089285714285713
2026-09-27 03:00:00,47.0,44.2,282.0,65.7,4.3,6.0,110,20.9,69,0.0,944.8,3.6,18,3,27,6,9,1,111.0,112.0,113.0,114.0,112.0,111.83333333333331,116.58333333333331,8.86574583864159,-1.0,-0.009009009009009
2026-09-27 04:00:00,43.9,41.1,289.0,58.4,3.8,5.0,110,20.9,69,0.0,944.6,2.9,11,4,27,6,9,1,110.0,112.0,113.0,113.0,112.0,111.33333333333331,116.5,8.91993371003018,0.0,0.0
2026-09-27 05:00:00,36.8,34.3,390.0,43.1,5.5,22.0,110,21.9,69,0.0,945.0,1.5,7,5,27,6,9,1,110.0,111.0,113.0,133.0,111.0,110.83333333333331,116.45833333333331,8.949030390358763,0.0,0.0
2026-09-27 06:00:00,34.8,32.6,682.0,41.6,6.1,29.0,108,20.8,73,0.0,945.2,3.5,39,6,27,6,9,1,110.0,110.0,112.0,145.0,113.0,110.16666666666669,116.25,9.090128424980442,-2.0,-0.0181818181818181
2026-09-27 07:00:00,36.2,34.2,1068.0,39.2,7.1,41.0,106,21.5,72,0.0,945.9,5.0,46,7,27,6,9,1,108.0,110.0,112.0,138.0,114.0,109.16666666666669,115.91666666666669,9.31999564595439,-2.0,-0.0185185185185184
2026-09-27 08:00:00,34.8,32.5,1277.0,34.6,9.1,62.0,105,23.6,68,0.0,946.9,5.4,84,8,27,6,9,1,106.0,110.0,111.0,113.0,116.0,108.16666666666669,115.45833333333331,9.58249838833007,-1.0,-0.0094339622641509
2026-09-27 09:00:00,26.5,24.0,1137.0,25.9,13.6,101.0,104,25.9,57,0.0,947.8,5.6,97,9,27,6,9,1,105.0,108.0,110.0,113.0,116.0,107.16666666666669,114.95833333333331,9.862000708327118,-1.0,-0.0095238095238094
2026-09-27 10:00:00,22.8,20.9,820.0,15.1,19.2,150.0,104,27.7,56,0.0,948.5,6.3,114,10,27,6,9,1,104.0,106.0,110.0,113.0,116.0,106.16666666666669,114.45833333333331,10.108021638743455,0.0,0.0
2026-09-27 11:00:00,22.2,20.4,568.0,7.1,22.2,185.0,103,29.3,53,0.0,949.0,6.8,140,11,27,6,9,1,104.0,105.0,110.0,113.0,116.0,105.0,113.91666666666669,10.36682277714753,-1.0,-0.0096153846153845
2026-09-27 12:00:00,21.2,19.0,452.0,3.5,20.2,196.0,102,30.4,47,0.0,949.0,4.9,163,12,27,6,9,1,103.0,104.0,108.0,112.0,115.0,104.0,113.375,10.643685615344555,-1.0,-0.0097087378640776
2026-09-27 13:00:00,19.6,16.9,403.0,2.7,15.6,193.0,101,31.1,43,0.0,948.5,4.9,180,13,27,6,9,1,102.0,104.0,106.0,112.0,115.0,103.16666666666669,112.79166666666669,10.930528316389593,-1.0,-0.0098039215686274
2026-09-27 14:00:00,18.5,15.5,451.0,4.4,12.0,184.0,100,31.4,40,0.0,947.9,5.6,182,14,27,6,9,1,101.0,103.0,105.0,111.0,114.0,102.33333333333331,112.20833333333331,11.232635552233877,-1.0,-0.0099009900990099
2026-09-27 15:00:00,17.8,14.7,660.0,9.5,11.0,169.0,103,31.4,39,0.0,947.6,5.2,180,15,27,6,9,1,100.0,102.0,104.0,110.0,114.0,102.16666666666669,111.75,11.379806676742517,3.0,0.03
2026-09-27 16:00:00,17.2,14.2,967.0,17.0,10.9,148.0,130,31.2,38,0.0,947.4,4.4,173,16,27,6,9,1,103.0,101.0,104.0,110.0,113.0,106.5,112.45833333333331,11.974535179022856,27.0,0.2621359223300972
2026-09-27 17:00:00,15.2,13.7,1216.0,17.0,10.4,143.0,149,30.4,48,0.0,947.3,5.5,163,17,27,6,9,1,130.0,100.0,103.0,110.0,133.0,114.16666666666669,113.125,13.51428390871116,19.0,0.146153846153846
2026-09-27 18:00:00,23.0,21.6,1374.0,25.0,10.1,124.0,156,28.5,56,0.0,947.3,2.8,75,18,27,6,9,1,149.0,103.0,102.0,108.0,145.0,123.16666666666669,113.58333333333331,14.770466027404083,7.0,0.0469798657718121
2026-09-27 19:00:00,27.3,25.8,1475.0,35.7,9.6,97.0,151,26.8,58,0.0,947.8,7.4,87,19,27,6,9,1,156.0,130.0,101.0,106.0,138.0,131.5,114.125,15.899993163794964,-5.0,-0.032051282051282
2026-09-27 20:00:00,30.7,29.2,1461.0,42.2,9.2,79.0,133,25.6,66,0.0,948.8,3.7,76,20,27,6,9,1,151.0,149.0,100.0,105.0,113.0,137.0,114.95833333333331,16.356036425010245,-18.0,-0.119205298013245
2026-09-27 21:00:00,34.6,32.8,1256.0,40.4,8.9,77.0,108,24.7,68,0.0,949.2,7.1,43,21,27,6,9,1,133.0,156.0,103.0,104.0,113.0,137.83333333333334,114.75,16.4138064896078,-25.0,-0.1879699248120301
2026-09-27 22:00:00,38.2,36.1,938.0,34.3,8.6,83.0,93,24.3,67,0.0,949.6,6.8,37,22,27,6,9,1,108.0,151.0,130.0,104.0,113.0,131.66666666666666,113.91666666666669,17.00362280238621,-15.0,-0.1388888888888888
2026-09-27 23:00:00,40.5,38.2,678.0,28.6,8.3,87.0,91,24.5,69,0.0,949.4,6.2,33,23,27,6,9,1,93.0,133.0,149.0,103.0,113.0,122.0,113.0,17.636424758462294,-2.0,-0.021505376344086
2026-09-28 00:00:00,40.3,37.8,546.0,24.4,8.0,88.0,89,23.8,72,0.0,949.4,7.0,32,0,28,0,9,0,91.0,108.0,156.0,102.0,112.0,110.83333333333331,112.04166666666669,18.3053310521162,-2.0,-0.021978021978022
2026-09-28 01:00:00,37.6,35.4,473.0,20.7,7.8,87.0,88,22.4,73,0.0,950.0,8.7,72,1,28,0,9,0,89.0,93.0,151.0,101.0,112.0,100.33333333333331,111.04166666666669,18.951836360873045,-1.0,-0.0112359550561798
2026-09-28 02:00:00,34.1,32.2,428.0,18.7,7.4,82.0,87,21.9,77,0.3,949.2,11.5,58,2,28,0,9,0,88.0,91.0,133.0,100.0,111.0,92.66666666666669,110.04166666666669,19.57700329394287,-1.0,-0.0113636363636363
2026-09-28 03:00:00,31.8,30.0,378.0,18.8,6.6,70.0,85,21.7,82,0.1,948.6,2.3,356,3,28,0,9,0,87.0,89.0,108.0,103.0,110.0,88.83333333333333,109.0,20.233420480676585,-2.0,-0.0229885057471264
2026-09-28 04:00:00,31.1,29.3,357.0,20.8,5.6,53.0,84,18.4,95,3.0,950.6,9.3,326,4,28,0,9,0,85.0,88.0,93.0,130.0,110.0,87.33333333333333,107.91666666666669,20.863774860971663,-1.0,-0.0117647058823529
2026-09-28 05:00:00,31.9,29.0,433.0,16.3,6.0,72.0,83,19.6,94,2.1,948.9,9.4,274,5,28,0,9,0,84.0,87.0,91.0,149.0,110.0,86.0,106.79166666666669,21.46580529822928,-1.0,-0.0119047619047618
2026-09-28 06:00:00,32.0,29.6,722.0,29.4,6.2,56.0,83,19.3,97,0.3,950.0,8.1,141,6,28,0,9,0,83.0,85.0,89.0,156.0,108.0,85.0,105.75,22.00444619103042,0.0,0.0
2026-09-28 07:00:00,34.9,32.8,1109.0,46.7,6.7,36.0,83,19.2,95,0.4,951.2,5.9,92,7,28,0,9,0,83.0,84.0,88.0,151.0,106.0,84.16666666666667,104.79166666666669,22.488604199474473,0.0,0.0
2026-09-28 08:00:00,38.5,36.6,1316.0,55.1,8.7,35.0,83,19.2,96,1.1,951.7,7.6,82,8,28,0,9,0,83.0,83.0,87.0,133.0,105.0,83.5,103.875,22.923905312634908,0.0,0.0
2026-09-28 09:00:00,42.5,38.4,1169.0,45.7,13.8,72.0,83,19.5,97,1.4,951.8,13.0,64,9,28,0,9,0,83.0,83.0,85.0,108.0,104.0,83.16666666666667,103.0,23.316349926887927,0.0,0.0
2026-09-28 10:00:00,53.0,47.1,842.0,27.3,20.4,129.0,84,21.7,87,1.0,952.6,7.7,11,10,28,0,9,0,83.0,83.0,84.0,93.0,104.0,83.16666666666667,102.16666666666669,23.634290980373656,1.0,0.0120481927710842
2026-09-28 11:00:00,54.5,48.0,584.0,12.9,24.3,172.0,86,22.0,90,0.2,952.2,4.6,306,11,28,0,9,0,84.0,83.0,83.0,91.0,103.0,83.66666666666667,101.45833333333331,23.861883679912363,2.0,0.0238095238095237
2026-09-28 12:00:00,51.9,45.3,484.0,7.1,23.0,190.0,88,23.7,80,0.0,951.9,6.1,240,12,28,0,9,0,86.0,83.0,83.0,89.0,102.0,84.5,100.875,24.018674799632063,2.0,0.0232558139534884
2026-09-28 13:00:00,47.1,41.1,452.0,5.4,18.9,195.0,90,26.0,66,0.0,951.5,6.8,282,13,28,0,9,0,88.0,84.0,83.0,88.0,101.0,85.66666666666667,100.41666666666669,24.120921221623274,2.0,0.0227272727272727
2026-09-28 14:00:00,43.0,37.4,475.0,7.1,15.6,192.0,92,26.8,55,0.0,951.0,9.1,295,14,28,0,9,0,90.0,86.0,83.0,87.0,100.0,87.16666666666667,100.08333333333331,24.182128986482702,2.0,0.0222222222222221
2026-09-28 15:00:00,40.0,34.8,530.0,12.4,14.3,181.0,94,27.1,53,0.0,950.6,8.4,285,15,28,0,9,0,92.0,88.0,83.0,85.0,103.0,89.0,99.70833333333331,24.204705195957978,2.0,0.0217391304347827
2026-09-28 16:00:00,38.5,33.5,639.0,21.2,13.8,162.0,115,26.6,57,0.0,950.4,8.8,281,16,28,0,9,0,94.0,90.0,84.0,84.0,130.0,94.16666666666669,99.08333333333331,23.573966235192973,21.0,0.2234042553191488
2026-09-28 17:00:00,21.7,20.7,849.0,27.3,11.0,133.0,142,26.6,55,0.0,950.6,9.0,270,17,28,0,9,0,115.0,92.0,86.0,83.0,149.0,103.5,98.79166666666669,22.964962285047864,27.0,0.2347826086956521
2026-09-28 18:00:00,29.3,28.6,1291.0,54.8,11.8,96.0,153,24.6,61,0.0,950.7,7.8,279,18,28,0,9,0,142.0,94.0,88.0,83.0,156.0,114.33333333333331,98.66666666666669,22.645983743485132,11.0,0.0774647887323942
2026-09-28 19:00:00,36.1,35.7,1835.0,92.6,12.9,45.0,147,23.5,65,0.0,951.4,7.7,298,19,28,0,9,0,153.0,115.0,90.0,83.0,151.0,123.83333333333331,98.5,22.255434119022144,-6.0,-0.0392156862745097
2026-09-28 20:00:00,41.1,40.7,2137.0,119.0,13.7,8.0,120,22.4,72,0.0,952.2,4.6,324,20,28,0,9,0,147.0,142.0,92.0,83.0,133.0,128.5,97.95833333333331,21.525473618315633,-27.0,-0.183673469387755
2026-09-28 21:00:00,48.0,47.5,1999.0,125.0,14.0,0.0,100,21.4,80,0.0,952.5,4.9,356,21,28,0,9,0,120.0,153.0,94.0,83.0,108.0,129.5,97.625,21.424919461064317,-20.0,-0.1666666666666666
2026-09-28 22:00:00,55.6,54.9,1620.0,119.7,13.9,0.0,101,20.9,84,0.0,952.9,5.5,13,22,28,0,9,0,100.0,147.0,115.0,84.0,93.0,127.16666666666669,97.95833333333331,21.412063171852704,1.0,0.01
2026-09-28 23:00:00,54.6,53.7,1247.0,109.2,13.4,5.0,103,21.4,78,0.0,953.2,4.3,17,23,28,0,9,0,101.0,120.0,142.0,86.0,91.0,120.66666666666669,98.45833333333331,21.38259992868484,2.0,0.0198019801980198
2026-09-29 00:00:00,51.1,49.8,935.0,92.1,12.2,15.0,105,21.2,77,0.0,953.3,4.6,349,0,29,1,9,0,103.0,100.0,153.0,88.0,89.0,112.66666666666669,99.125,21.324230961209455,2.0,0.0194174757281553
2026-09-29 01:00:00,49.7,48.1,630.0,69.9,10.6,30.0,106,20.8,80,0.0,953.2,3.7,349,1,29,1,9,0,105.0,101.0,147.0,90.0,88.0,105.83333333333331,99.875,21.23228161570824,1.0,0.0095238095238094
2026-09-29 02:00:00,49.0,47.4,420.0,53.1,9.1,38.0,108,20.5,80,0.0,953.1,2.5,352,2,29,1,9,0,106.0,103.0,120.0,92.0,87.0,103.83333333333331,100.75,21.11099033781987,2.0,0.0188679245283018
2026-09-29 03:00:00,47.6,46.1,318.0,46.5,7.5,32.0,109,20.4,79,0.0,953.0,2.2,336,3,29,1,9,0,108.0,105.0,100.0,94.0,85.0,105.33333333333331,101.75,20.89986478009204,1.0,0.0092592592592593
2026-09-29 04:00:00,45.3,44.0,312.0,45.3,5.9,20.0,111,20.3,78,0.0,952.9,3.6,300,4,29,1,9,0,109.0,106.0,101.0,115.0,84.0,107.0,102.875,20.62778307968775,2.0,0.0183486238532109
2026-09-29 05:00:00,42.5,42.1,453.0,55.6,5.6,5.0,112,20.4,79,0.0,952.9,4.5,320,5,29,1,9,0,111.0,108.0,103.0,142.0,83.0,108.5,104.08333333333331,20.259011235297898,1.0,0.0090090090090089
2026-09-29 06:00:00,41.3,41.0,907.0,56.7,7.0,6.0,114,19.3,83,0.0,953.0,3.8,311,6,29,1,9,0,112.0,109.0,105.0,153.0,83.0,110.0,105.375,19.84025880792028,2.0,0.0178571428571427
2026-09-29 07:00:00,44.6,44.4,1508.0,57.6,9.0,10.0,115,19.9,83,0.0,953.4,4.7,310,7,29,1,9,0,114.0,111.0,106.0,147.0,83.0,111.5,106.70833333333331,19.340156841833164,1.0,0.0087719298245614
2026-09-29 08:00:00,36.0,35.7,1807.0,54.0,11.0,26.0,116,22.9,74,0.0,954.3,3.8,278,8,29,1,9,0,115.0,112.0,108.0,120.0,83.0,112.83333333333331,108.08333333333331,18.74524094193117,1.0,0.0086956521739129
2026-09-29 09:00:00,20.7,20.4,1502.0,41.5,13.2,67.0,116,25.9,58,0.0,955.0,5.3,305,9,29,1,9,0,116.0,114.0,109.0,100.0,83.0,114.0,109.45833333333331,18.02167575730642,0.0,0.0
2026-09-29 10:00:00,16.5,16.1,895.0,24.5,15.5,121.0,114,27.7,48,0.0,954.9,8.3,311,10,29,1,9,0,116.0,115.0,111.0,101.0,84.0,114.5,110.70833333333331,17.200806772451802,-2.0,-0.0172413793103448
2026-09-29 11:00:00,15.5,15.0,449.0,11.6,16.6,164.0,111,28.7,46,0.0,955.2,11.6,306,11,29,1,9,0,114.0,116.0,112.0,103.0,86.0,114.33333333333331,111.75,16.376680132858045,-3.0,-0.0263157894736841
2026-09-29 12:00:00,16.4,15.8,354.0,5.7,15.6,187.0,108,29.1,47,0.0,954.8,12.2,299,12,29,1,9,0,111.0,116.0,114.0,105.0,88.0,113.33333333333331,112.58333333333331,15.606343934904364,-3.0,-0.0270270270270269
2026-09-29 13:00:00,17.2,16.5,420.0,4.0,13.5,200.0,104,29.5,46,0.0,954.0,11.9,295,13,29,1,9,0,108.0,114.0,115.0,106.0,90.0,111.5,113.16666666666669,14.97437424595779,-4.0,-0.037037037037037
2026-09-29 14:00:00,17.3,16.5,536.0,6.5,11.8,200.0,102,29.7,43,0.0,953.2,11.9,295,14,29,1,9,0,104.0,111.0,116.0,108.0,92.0,109.16666666666669,113.58333333333331,14.491126720280272,-2.0,-0.0192307692307692
2026-09-29 15:00:00,16.9,16.1,681.0,12.5,11.1,186.0,100,29.5,42,0.0,952.5,10.5,295,15,29,1,9,0,102.0,108.0,116.0,109.0,94.0,106.5,113.83333333333331,14.18715483523292,-2.0,-0.0196078431372549
2026-09-29 16:00:00,16.5,15.6,875.0,22.7,10.8,161.0,111,29.0,43,0.0,952.3,8.9,291,16,29,1,9,0,100.0,104.0,114.0,111.0,115.0,106.0,113.66666666666669,14.196345722899622,11.0,0.1100000000000001
2026-09-29 17:00:00,15.2,13.7,1077.0,34.8,11.4,134.0,140,27.9,49,0.0,952.3,8.1,291,17,29,1,9,0,111.0,102.0,111.0,112.0,142.0,110.83333333333331,113.58333333333331,14.027664179002612,29.0,0.2612612612612612
2026-09-29 18:00:00,25.4,24.0,1325.0,61.8,12.3,97.0,153,25.6,56,0.0,952.2,7.2,302,18,29,1,9,0,140.0,100.0,108.0,114.0,153.0,118.33333333333331,113.58333333333331,14.027664179002612,13.0,0.0928571428571427
2026-09-29 19:00:00,34.5,33.1,1579.0,98.6,13.4,45.0,149,24.0,62,0.0,952.2,7.4,313,19,29,1,9,0,153.0,111.0,104.0,115.0,147.0,125.83333333333331,113.66666666666669,14.239158092683647,-4.0,-0.0261437908496732
2026-09-29 20:00:00,42.1,40.6,1677.0,122.7,14.0,8.0,124,22.6,68,0.0,952.3,7.4,326,20,29,1,9,0,149.0,140.0,102.0,116.0,120.0,129.5,113.83333333333331,14.339567232166711,-25.0,-0.1677852348993288
2026-09-29 21:00:00,48.1,46.3,1501.0,122.1,13.6,0.0,96,21.9,70,0.0,952.4,7.1,333,21,29,1,9,0,124.0,153.0,100.0,116.0,100.0,128.83333333333334,113.66666666666669,14.529330654761589,-28.0,-0.2258064516129032
2026-09-29 22:00:00,54.4,52.4,1169.0,108.8,12.7,3.0,96,21.7,69,0.0,952.4,6.8,325,22,29,1,9,0,96.0,149.0,111.0,114.0,101.0,126.33333333333331,113.45833333333331,14.752978083047276,0.0,0.0
2026-09-29 23:00:00,57.2,54.9,866.0,96.5,11.5,7.0,95,22.2,64,0.0,952.1,8.1,317,23,29,1,9,0,96.0,124.0,140.0,111.0,103.0,118.83333333333331,113.125,15.086165560021566,-1.0,-0.0104166666666666
2026-09-30 00:00:00,52.4,50.6,645.0,90.5,9.9,6.0,96,21.3,67,0.0,951.9,6.5,321,0,30,2,9,0,95.0,96.0,153.0,108.0,105.0,109.33333333333331,112.75,15.405391489882856,1.0,0.0105263157894737
2026-09-30 01:00:00,43.9,42.7,454.0,85.5,8.0,6.0,96,20.9,68,0.0,951.5,5.5,319,1,30,2,9,0,96.0,96.0,149.0,104.0,106.0,100.5,112.33333333333331,15.72775631934236,0.0,0.0
2026-09-30 02:00:00,36.7,35.5,323.0,79.2,6.7,8.0,95,20.6,68,0.0,951.2,5.3,315,2,30,2,9,0,96.0,95.0,124.0,102.0,108.0,95.66666666666669,111.79166666666669,16.102873539586604,-1.0,-0.0104166666666666
2026-09-30 03:00:00,31.4,30.2,220.0,69.1,6.2,14.0,94,20.3,68,0.0,950.9,5.5,319,3,30,2,9,0,95.0,96.0,96.0,100.0,109.0,95.33333333333331,111.16666666666669,16.502085946320395,-1.0,-0.0105263157894737
2026-09-30 04:00:00,27.9,26.5,178.0,57.8,6.2,23.0,93,20.0,70,0.0,950.7,5.1,324,4,30,2,9,0,94.0,96.0,96.0,111.0,111.0,94.83333333333331,110.41666666666669,16.91389104094511,-1.0,-0.0106382978723403
2026-09-30 05:00:00,31.5,30.3,326.0,68.1,6.2,8.0,92,21.1,63,0.0,950.9,5.0,319,5,30,2,9,0,93.0,95.0,95.0,140.0,112.0,94.33333333333331,109.58333333333331,17.32029888954648,-1.0,-0.010752688172043
2026-09-30 06:00:00,31.2,30.0,893.0,67.6,6.9,7.0,91,20.0,68,0.0,951.2,3.1,329,6,30,2,9,0,92.0,94.0,96.0,153.0,114.0,93.5,108.625,17.697488153875376,-1.0,-0.0108695652173913
2026-09-30 07:00:00,37.0,36.1,1650.0,66.2,8.1,7.0,90,20.9,69,0.0,951.8,2.4,318,7,30,2,9,0,91.0,93.0,96.0,149.0,115.0,92.5,107.58333333333331,18.038405083905097,-1.0,-0.0109890109890109
2026-09-30 08:00:00,40.2,39.0,2046.0,60.7,9.7,21.0,89,23.0,66,0.0,952.7,1.8,307,8,30,2,9,0,90.0,92.0,95.0,124.0,116.0,91.5,106.45833333333331,18.33025336447472,-1.0,-0.011111111111111
2026-09-30 09:00:00,25.3,22.2,1717.0,47.3,12.4,62.0,89,25.2,59,0.0,953.4,0.8,207,9,30,2,9,0,89.0,91.0,94.0,96.0,116.0,90.66666666666669,105.33333333333331,18.546455577624386,0.0,0.0
2026-09-30 10:00:00,23.1,19.1,1026.0,29.7,15.6,116.0,90,27.3,54,0.0,953.7,2.8,243,10,30,2,9,0,89.0,90.0,93.0,96.0,114.0,90.16666666666669,104.33333333333331,18.705187996143113,1.0,0.0112359550561798
2026-09-30 11:00:00,23.7,18.5,507.0,16.1,17.5,158.0,90,29.3,45,0.0,954.0,6.6,279,11,30,2,9,0,90.0,89.0,92.0,95.0,111.0,89.83333333333333,103.45833333333331,18.870218465284893,0.0,0.0
2026-09-30 12:00:00,26.7,19.4,345.0,8.9,16.9,179.0,90,30.2,39,0.0,953.6,8.5,271,12,30,2,9,0,90.0,89.0,91.0,96.0,108.0,89.66666666666667,102.70833333333331,19.038814282286747,0.0,0.0
2026-09-30 13:00:00,29.6,20.5,356.0,5.7,14.9,187.0,90,30.5,38,0.0,953.0,9.0,269,13,30,2,9,0,90.0,90.0,90.0,96.0,104.0,89.66666666666667,102.125,19.211211626910917,0.0,0.0
2026-09-30 14:00:00,31.2,21.1,521.0,7.5,13.3,185.0,91,30.7,37,0.0,952.5,8.8,269,14,30,2,9,0,90.0,90.0,89.0,95.0,102.0,90.0,101.66666666666669,19.345073896421685,1.0,0.011111111111111
2026-09-30 15:00:00,31.0,20.8,925.0,14.5,12.4,169.0,91,30.6,38,0.0,952.0,7.6,274,15,30,2,9,0,91.0,90.0,89.0,94.0,100.0,90.33333333333331,101.29166666666669,19.465642344502864,0.0,0.0
2026-09-30 16:00:00,30.0,20.3,1484.0,26.5,11.9,142.0,96,30.1,40,0.0,951.8,4.7,293,16,30,2,9,0,91.0,90.0,90.0,93.0,111.0,91.33333333333331,100.66666666666669,19.38100070702859,5.0,0.0549450549450549
2026-09-30 17:00:00,17.4,14.9,1926.0,44.1,10.6,104.0,121,29.9,49,0.0,951.9,0.8,27,17,30,2,9,0,96.0,91.0,90.0,92.0,140.0,96.5,99.875,18.046588260004533,25.0,0.2604166666666667
2026-09-30 18:00:00,29.5,27.1,2167.0,67.5,11.6,75.0,130,27.1,58,0.0,951.6,0.9,360,18,30,2,9,0,121.0,91.0,90.0,91.0,153.0,103.16666666666669,98.91666666666669,15.539337646527958,9.0,0.0743801652892561
2026-09-30 19:00:00,35.6,33.4,2291.0,99.4,13.0,36.0,122,25.5,64,0.0,951.8,1.8,360,19,30,2,9,0,130.0,96.0,90.0,90.0,149.0,108.5,97.79166666666669,12.420107003205048,-8.0,-0.0615384615384615
2026-09-30 20:00:00,36.7,34.3,2281.0,120.3,13.8,8.0,96,24.4,66,0.0,952.4,3.8,31,20,30,2,9,0,122.0,121.0,91.0,89.0,124.0,109.33333333333331,96.625,11.09568071074652,-26.0,-0.2131147540983606
2026-09-30 21:00:00,37.1,34.6,2087.0,120.2,13.5,3.0,92,24.0,64,0.0,952.7,5.0,13,21,30,2,9,0,96.0,130.0,91.0,89.0,96.0,109.5,96.45833333333331,11.135447382384198,-4.0,-0.0416666666666666
2026-09-30 22:00:00,38.9,36.1,1757.0,109.2,12.7,9.0,91,23.3,64,0.0,953.1,4.8,27,22,30,2,9,0,92.0,122.0,96.0,90.0,96.0,108.66666666666669,96.25,11.191029015905231,-1.0,-0.0108695652173913
2026-09-30 23:00:00,39.8,36.9,1423.0,97.8,11.5,14.0,89,23.7,63,0.0,953.2,4.8,31,23,30,2,9,0,91.0,96.0,121.0,90.0,95.0,103.33333333333331,96.0,11.286775640007937,-2.0,-0.021978021978022
2026-10-01 00:00:00,39.8,37.0,1090.0,89.4,9.9,13.0,88,22.5,67,0.0,953.0,7.1,36,0,1,3,10,0,89.0,92.0,130.0,90.0,96.0,96.33333333333331,95.66666666666669,11.40429616480314,-1.0,-0.0112359550561798
2026-10-01 01:00:00,39.2,36.8,751.0,80.5,7.9,10.0,87,21.7,73,0.0,952.9,4.6,21,1,1,3,10,0,88.0,91.0,122.0,90.0,96.0,90.5,95.29166666666669,11.54002172655349,-1.0,-0.0113636363636363
2026-10-01 02:00:00,36.1,34.3,518.0,71.9,6.3,8.0,87,21.3,76,0.0,952.8,3.9,13,2,1,3,10,0,87.0,89.0,96.0,91.0,95.0,89.0,94.95833333333331,11.663690096479682,0.0,0.0
2026-10-01 03:00:00,32.4,30.7,427.0,62.7,5.1,7.0,86,21.3,76,0.0,952.6,3.5,9,3,1,3,10,0,87.0,88.0,92.0,91.0,94.0,88.0,94.625,11.805718953119792,-1.0,-0.0114942528735632
2026-10-01 04:00:00,29.8,28.3,442.0,53.6,4.1,6.0,86,21.2,75,0.0,952.0,3.6,9,4,1,3,10,0,86.0,87.0,91.0,96.0,93.0,87.16666666666667,94.33333333333331,11.933390008773763,0.0,0.0
2026-10-01 05:00:00,28.8,27.1,564.0,45.2,4.6,9.0,87,21.8,74,0.0,952.2,1.6,360,5,1,3,10,0,86.0,87.0,89.0,121.0,92.0,86.83333333333333,94.125,12.019232775921743,1.0,0.0116279069767442
2026-10-01 06:00:00,28.7,27.1,911.0,47.9,5.4,5.0,86,21.3,74,0.0,952.4,2.0,350,6,1,3,10,0,87.0,86.0,88.0,130.0,91.0,86.5,93.91666666666669,12.11867644755946,-1.0,-0.0114942528735632
2026-10-01 07:00:00,35.3,34.0,1366.0,51.1,6.6,1.0,86,22.3,71,0.0,952.8,2.0,355,7,1,3,10,0,86.0,86.0,87.0,122.0,90.0,86.33333333333333,93.75,12.202102456047438,0.0,0.0
2026-10-01 08:00:00,42.1,40.7,1575.0,49.7,8.6,13.0,86,24.6,66,0.0,953.8,2.2,312,8,1,3,10,0,86.0,87.0,87.0,96.0,89.0,86.16666666666667,93.625,12.26806564959047,0.0,0.0
2026-10-01 09:00:00,24.0,20.2,1291.0,39.4,12.3,55.0,86,26.8,59,0.0,954.6,1.4,220,9,1,3,10,0,86.0,86.0,86.0,92.0,89.0,86.16666666666667,93.5,12.332354054347944,0.0,0.0
2026-10-01 10:00:00,22.1,17.6,761.0,24.6,16.7,113.0,86,28.5,55,0.0,955.1,3.6,233,10,1,3,10,0,86.0,86.0,86.0,91.0,90.0,86.16666666666667,93.33333333333331,12.40850573166676,0.0,0.0
2026-10-01 11:00:00,20.1,16.0,376.0,13.1,19.4,159.0,86,30.1,44,0.0,955.7,7.2,264,11,1,3,10,0,86.0,86.0,87.0,89.0,90.0,86.0,93.16666666666669,12.48187091141904,0.0,0.0
2026-10-01 12:00:00,20.0,15.8,244.0,7.2,18.6,184.0,86,30.7,40,0.0,955.5,8.3,271,12,1,3,10,0,86.0,86.0,86.0,88.0,90.0,86.0,93.0,12.552498452155168,0.0,0.0
2026-10-01 13:00:00,20.6,16.4,256.0,4.7,16.1,198.0,85,31.0,40,0.0,955.0,7.4,273,13,1,3,10,0,86.0,86.0,86.0,87.0,90.0,85.83333333333333,92.79166666666669,12.645601285985247,-1.0,-0.0116279069767442
